count,timestamp,vane,wing,roll,pitch,yaw,lat,lon,speed,drag,lift,thrust,acc_x,acc_y,acc_z,gyro_x,gyro_y,gyro_z,hours,min,sec
0,4839678,-170.7,0.0,-6.3,-9.8,353.7,0.000000,0.000000,0.00,0.0,0.0,1.2,0.17,-0.11,1.01,8.03,-26.51,-2.87,55,67,247
1,4839776,-170.7,0.0,-6.2,-9.9,353.5,0.000000,0.000000,0.00,0.0,0.0,1.2,0.17,-0.11,1.01,9.78,-25.81,-3.50,55,67,247
2,4839873,-170.7,0.0,-6.1,-10.1,353.3,0.000000,0.000000,0.00,0.0,0.0,1.2,0.18,-0.11,1.01,10.27,-26.65,-3.85,55,67,247
3,4839970,-170.7,0.0,-6.1,-10.4,353.2,0.000000,0.000000,0.00,0.0,0.0,1.2,0.18,-0.10,0.99,10.06,-27.56,-4.48,55,67,247
4,4840068,-170.7,0.0,-6.2,-10.7,353.0,0.000000,0.000000,0.00,0.0,0.0,1.2,0.18,-0.10,0.97,9.01,-25.88,-4.69,55,67,247
5,4840165,-170.7,0.0,-5.9,-10.9,352.8,0.000000,0.000000,0.00,0.0,0.0,1.2,0.18,-0.09,0.95,7.05,-20.98,-4.83,55,67,247
6,4840262,-170.7,0.0,-5.7,-10.9,352.5,0.000000,0.000000,0.00,0.0,0.0,1.2,0.18,-0.09,0.93,4.88,-13.14,-4.83,55,67,247
7,4840360,-170.7,0.0,-5.6,-10.5,352.3,0.000000,0.000000,0.00,0.0,0.0,1.2,0.17,-0.09,0.93,2.78,-3.76,-4.34,55,67,247
8,4840457,-170.7,0.0,-5.5,-10.0,352.0,0.000000,0.000000,0.00,0.0,0.0,1.2,0.16,-0.08,0.92,0.33,5.97,-2.80,55,67,247
9,4840554,-170.7,0.0,-5.6,-9.4,351.7,0.000000,0.000000,0.00,0.0,0.0,1.2,0.15,-0.08,0.93,-1.42,15.91,-0.42,55,67,247
10,4840652,-170.7,0.0,-5.6,-8.9,351.3,0.000000,0.000000,0.00,0.0,0.0,1.2,0.14,-0.08,0.92,-3.03,25.99,1.47,55,67,247
11,4840749,-170.7,0.0,-5.6,-8.7,350.9,0.000000,0.000000,0.00,0.0,0.0,1.2,0.14,-0.08,0.90,-5.90,36.56,3.43,55,67,247
12,4840846,-170.7,0.0,-6.1,-8.4,350.7,0.000000,0.000000,0.00,0.0,0.0,1.2,0.13,-0.09,0.89,-10.31,47.62,5.67,55,67,247
13,4840944,-170.7,0.0,-6.3,-7.6,350.5,0.000000,0.000000,0.00,0.0,0.0,1.2,0.12,-0.09,0.88,-15.28,58.61,8.26,55,67,247
14,4841041,-170.7,0.0,-6.5,-6.6,350.3,0.000000,0.000000,0.00,0.0,0.0,1.2,0.10,-0.09,0.87,-20.67,70.86,12.04,55,67,247
15,4841139,-170.7,0.0,-6.6,-5.6,350.0,0.000000,0.000000,0.00,0.0,0.0,1.2,0.09,-0.09,0.86,-26.90,85.77,15.47,55,67,247
16,4841236,-170.7,0.0,-7.3,-4.9,349.9,0.000000,0.000000,0.00,0.0,0.0,1.2,0.08,-0.11,0.86,-33.13,102.08,17.85,55,67,247
17,4841333,-170.7,0.0,-8.1,-4.0,350.0,0.000000,0.000000,0.00,0.0,0.0,1.2,0.07,-0.12,0.86,-39.36,119.79,19.11,55,67,247
18,4841431,-170.7,0.0,-8.7,-2.4,350.0,0.000000,0.000000,0.00,0.0,0.0,1.2,0.04,-0.13,0.87,-45.87,138.55,19.46,55,67,247
19,4841528,-170.7,0.0,-9.3,-0.3,350.0,0.000000,0.000000,0.00,0.0,0.0,1.2,0.01,-0.15,0.91,-51.26,155.14,19.46,55,67,247
20,4841625,-170.7,0.0,-9.6,2.0,350.1,0.000000,0.000000,0.00,0.0,0.0,1.2,-0.04,-0.16,0.96,-55.18,165.57,20.65,55,67,247
21,4841723,-170.7,0.0,-9.8,4.1,350.1,0.000000,0.000000,0.00,0.0,0.0,1.2,-0.07,-0.17,0.99,-58.40,169.84,24.01,55,67,247
22,4841820,-170.7,0.0,-10.3,5.7,350.2,0.000000,0.000000,0.00,0.0,0.0,1.2,-0.08,-0.18,1.00,-60.71,169.77,27.86,55,67,247
23,4841917,-170.7,0.0,-10.9,6.8,350.3,0.000000,0.000000,0.00,0.0,0.0,1.2,-0.09,-0.20,1.02,-62.60,166.97,30.38,55,67,247
24,4842015,-170.7,0.0,-11.4,7.7,350.4,0.000000,0.000000,0.00,0.0,0.0,1.2,-0.10,-0.21,1.03,-64.00,161.65,30.45,55,67,247
25,4842112,-170.7,0.0,-11.6,8.8,350.6,0.000000,0.000000,0.00,0.0,0.0,1.2,-0.11,-0.22,1.05,-63.37,154.93,28.42,55,67,247
26,4842209,-170.7,0.0,-12.0,9.7,350.8,0.000000,0.000000,0.00,0.0,0.0,1.2,-0.10,-0.23,1.07,-60.43,145.48,24.78,55,67,247
27,4842307,-170.7,0.0,-12.3,10.4,350.9,0.000000,0.000000,0.00,0.0,0.0,1.2,-0.12,-0.24,1.06,-55.74,135.96,19.81,55,67,247
28,4842404,-170.7,0.0,-12.6,11.1,350.9,0.000000,0.000000,0.00,0.0,0.0,1.2,-0.14,-0.24,1.04,-50.63,128.96,14.77,55,67,247
29,4842501,-170.7,0.0,-12.9,11.7,351.0,0.000000,0.000000,0.00,0.0,0.0,1.2,-0.16,-0.25,1.04,-45.94,123.64,9.31,55,67,247
30,4842599,-170.7,0.0,-12.9,12.5,351.3,0.000000,0.000000,0.00,0.0,0.0,1.2,-0.20,-0.25,1.02,-41.18,120.98,4.55,55,67,247
31,4842696,-170.7,0.0,-12.8,13.7,351.6,0.000000,0.000000,0.00,0.0,0.0,1.2,-0.24,-0.25,1.01,-36.07,120.77,1.68,55,67,247
32,4842793,-170.7,0.0,-12.9,15.2,351.8,0.000000,0.000000,0.00,0.0,0.0,1.2,-0.28,-0.25,1.00,-30.96,119.44,0.91,55,67,247
33,4842891,-170.7,0.0,-13.0,16.5,352.1,0.000000,0.000000,0.00,0.0,0.0,1.2,-0.30,-0.26,1.00,-27.11,114.40,1.40,55,67,247
34,4842988,-170.7,0.0,-13.2,17.4,352.4,0.000000,0.000000,0.00,0.0,0.0,1.2,-0.30,-0.27,0.99,-24.52,106.56,2.24,55,67,247
35,4843085,-170.7,0.0,-13.5,18.0,352.8,0.000000,0.000000,0.00,0.0,0.0,1.2,-0.30,-0.28,0.97,-23.89,96.76,2.17,55,67,247
36,4843183,-170.7,0.0,-13.9,18.6,353.1,0.000000,0.000000,0.00,0.0,0.0,1.2,-0.32,-0.28,0.96,-23.68,87.52,1.05,55,67,247
37,4843280,-170.7,0.0,-14.2,19.5,353.4,0.000000,0.000000,0.00,0.0,0.0,1.2,-0.34,-0.28,0.93,-23.61,80.24,-0.28,55,67,247
38,4843378,-170.7,0.0,-14.6,20.4,353.7,0.000000,0.000000,0.00,0.0,0.0,1.2,-0.36,-0.28,0.92,-23.40,74.92,-1.68,55,67,247
39,4843475,-170.7,0.0,-14.9,21.3,353.9,0.000000,0.000000,0.00,0.0,0.0,1.2,-0.38,-0.29,0.93,-22.56,70.37,-2.94,55,67,247
40,4843572,-170.7,0.0,-15.1,22.2,354.1,0.000000,0.000000,0.00,0.0,0.0,1.2,-0.41,-0.29,0.94,-20.11,65.26,-2.80,55,67,247
41,4843670,-170.7,0.0,-15.1,23.1,354.4,0.000000,0.000000,0.00,0.0,0.0,1.2,-0.43,-0.28,0.93,-17.45,59.87,-1.26,55,67,247
42,4843767,-170.7,0.0,-15.2,23.7,354.8,0.000000,0.000000,0.00,0.0,0.0,1.2,-0.42,-0.28,0.93,-15.42,54.48,1.12,55,67,247
43,4843864,-170.7,0.0,-15.2,24.0,355.2,0.000000,0.000000,0.00,0.0,0.0,1.2,-0.41,-0.28,0.93,-13.81,48.95,2.45,55,67,247
44,4843962,-170.7,0.0,-15.4,24.4,355.6,0.000000,0.000000,0.00,0.0,0.0,1.2,-0.43,-0.29,0.92,-11.99,44.47,2.03,55,67,247
45,4844059,-170.7,0.0,-15.5,24.9,355.9,0.000000,0.000000,0.00,0.0,0.0,1.2,-0.45,-0.28,0.92,-9.54,40.34,5.81,55,67,247
46,4844156,-170.7,0.0,-15.4,25.5,356.3,0.000000,0.000000,0.00,0.0,0.0,1.2,-0.46,-0.27,0.92,-7.02,34.18,9.73,55,67,247
47,4844254,-170.7,0.0,-15.3,25.9,356.7,0.000000,0.000000,0.00,0.0,0.0,1.2,-0.46,-0.27,0.91,-5.55,26.27,12.81,55,67,247
48,4844351,-170.7,0.0,-15.4,25.9,357.1,0.000000,0.000000,0.00,0.0,0.0,1.2,-0.45,-0.28,0.91,-4.22,18.01,14.77,55,67,247
49,4844448,-170.7,0.0,-15.6,25.7,357.5,0.000000,0.000000,0.00,0.0,0.0,1.2,-0.43,-0.29,0.90,-4.08,9.40,18.20,55,67,247
50,4844546,-170.7,0.0,-15.7,25.4,357.9,0.000000,0.000000,0.00,0.0,0.0,1.2,-0.42,-0.27,0.88,-3.87,2.82,18.48,55,67,247
51,4844643,-170.7,0.0,-15.8,25.0,358.2,0.000000,0.000000,0.00,0.0,0.0,1.2,-0.40,-0.27,0.88,-3.10,-1.17,17.15,55,67,247
52,4844740,-170.7,0.0,-15.9,24.4,358.5,0.000000,0.000000,0.00,0.0,0.0,1.2,-0.37,-0.27,0.88,-1.56,-3.48,14.77,55,67,247
53,4844838,-170.7,0.0,-16.0,23.7,358.7,0.000000,0.000000,0.00,0.0,0.0,1.2,-0.37,-0.27,0.89,1.38,-5.16,10.57,55,67,247
54,4844935,-170.7,0.0,-15.9,23.1,359.0,0.000000,0.000000,0.00,0.0,0.0,1.2,-0.38,-0.27,0.91,4.53,-8.73,7.00,55,67,247
55,4845032,-170.7,0.0,-15.9,22.8,359.2,0.000000,0.000000,0.00,0.0,0.0,1.2,-0.40,-0.28,0.91,8.52,-14.19,4.48,55,67,247
56,4845130,-170.7,0.0,-15.9,22.8,359.3,0.000000,0.000000,0.00,0.0,0.0,1.2,-0.42,-0.28,0.92,13.00,-21.05,3.08,55,67,247
57,4845227,-170.7,0.0,-15.9,22.8,359.5,0.000000,0.000000,0.00,0.0,0.0,1.2,-0.43,-0.28,0.93,16.85,-30.50,3.15,55,67,247
58,4845325,-170.7,0.0,-15.8,22.6,359.7,0.000000,0.000000,0.00,0.0,0.0,1.2,-0.42,-0.28,0.95,19.72,-42.54,3.99,55,67,247
59,4845422,-170.7,0.0,-15.7,22.1,359.9,0.000000,0.000000,0.00,0.0,0.0,1.2,-0.41,-0.28,0.96,22.38,-57.17,3.92,55,67,247
60,4845519,-170.7,0.0,-15.7,21.2,0.1,0.000000,0.000000,0.00,0.0,0.0,1.2,-0.39,-0.29,0.97,25.95,-73.48,2.94,55,67,247
61,4845617,-170.7,0.0,-15.6,20.0,0.4,0.000000,0.000000,0.00,0.0,0.0,1.2,-0.36,-0.30,0.98,30.71,-90.56,0.91,55,67,247
62,4845714,-170.7,0.0,-15.6,19.0,0.6,0.000000,0.000000,0.00,0.0,0.0,1.2,-0.36,-0.30,0.96,35.12,-105.89,-1.82,55,67,247
63,4845811,-170.7,0.0,-15.5,18.2,0.9,0.000000,0.000000,0.00,0.0,0.0,1.2,-0.35,-0.29,0.93,38.13,-116.60,-4.62,55,67,247
64,4845909,-170.7,0.0,-15.3,17.6,1.1,0.000000,0.000000,0.00,0.0,0.0,1.2,-0.35,-0.27,0.92,40.37,-122.76,-7.42,55,67,247
65,4846006,-170.7,0.0,-14.9,16.9,1.3,0.000000,0.000000,0.00,0.0,0.0,1.2,-0.34,-0.26,0.93,42.96,-127.24,-10.01,55,67,247
66,4846103,-170.7,0.0,-14.6,16.1,1.5,0.000000,0.000000,0.00,0.0,0.0,1.2,-0.33,-0.26,0.94,45.69,-132.00,-12.25,55,67,247
67,4846201,-170.7,0.0,-14.1,15.4,1.7,0.000000,0.000000,0.00,0.0,0.0,1.2,-0.33,-0.23,0.94,45.97,-138.65,-14.70,55,67,247
68,4846298,-170.7,0.0,-13.7,14.6,1.8,0.000000,0.000000,0.00,0.0,0.0,1.2,-0.31,-0.24,0.93,43.94,-144.74,-13.93,55,67,247
69,4846395,-170.7,0.0,-13.7,13.6,1.9,0.000000,0.000000,0.00,0.0,0.0,1.2,-0.28,-0.25,0.91,39.88,-149.57,-11.83,55,67,247
70,4846493,-170.7,0.0,-13.6,12.6,2.0,0.000000,0.000000,0.00,0.0,0.0,1.2,-0.26,-0.24,0.88,36.31,-149.50,-9.03,55,67,247
71,4846590,-170.7,0.0,-13.5,11.7,2.1,0.000000,0.000000,0.00,0.0,0.0,1.2,-0.22,-0.22,0.87,33.02,-145.72,-6.58,55,67,247
72,4846687,-170.7,0.0,-13.3,10.8,2.2,0.000000,0.000000,0.00,0.0,0.0,1.2,-0.19,-0.20,0.88,29.45,-140.96,-5.04,55,67,247
73,4846785,-170.7,0.0,-12.8,9.4,2.1,0.000000,0.000000,0.00,0.0,0.0,1.2,-0.16,-0.20,0.91,27.28,-136.76,-5.46,55,67,247
74,4846882,-170.7,0.0,-12.2,7.5,2.0,0.000000,0.000000,0.00,0.0,0.0,1.2,-0.13,-0.19,0.94,26.79,-133.82,-7.07,55,67,247
75,4846979,-170.7,0.0,-12.0,5.7,1.8,0.000000,0.000000,0.00,0.0,0.0,1.2,-0.10,-0.20,0.96,28.26,-131.93,-9.66,55,67,247
76,4847077,-170.7,0.0,-11.5,4.0,1.6,0.000000,0.000000,0.00,0.0,0.0,1.2,-0.08,-0.19,0.97,31.69,-130.88,-12.74,55,67,247
77,4847174,-170.7,0.0,-11.0,2.5,1.2,0.000000,0.000000,0.00,0.0,0.0,1.2,-0.05,-0.18,0.98,35.89,-129.62,-15.19,55,67,247
78,4847272,-170.7,0.0,-10.9,1.5,0.8,0.000000,0.000000,0.00,0.0,0.0,1.2,-0.04,-0.18,0.97,39.25,-127.73,-16.87,55,67,247
79,4847369,-170.7,0.0,-10.7,0.6,0.5,0.000000,0.000000,0.00,0.0,0.0,1.2,-0.02,-0.18,0.96,41.07,-126.12,-17.64,55,67,247
80,4847466,-170.7,0.0,-10.2,-0.2,0.1,0.000000,0.000000,0.00,0.0,0.0,1.2,-0.01,-0.17,0.95,40.65,-122.83,-17.08,55,67,247
81,4847564,-170.7,0.0,-9.8,-0.9,359.8,0.000000,0.000000,0.00,0.0,0.0,1.2,-0.00,-0.15,0.94,38.83,-117.86,-16.17,55,67,247
82,4847661,-170.7,0.0,-9.4,-1.5,359.4,0.000000,0.000000,0.00,0.0,0.0,1.2,0.01,-0.14,0.92,36.59,-111.49,-14.56,55,67,247
83,4847758,-170.7,0.0,-9.0,-2.6,358.8,0.000000,0.000000,0.00,0.0,0.0,1.2,0.03,-0.14,0.90,33.44,-104.00,-12.53,55,67,247
84,4847856,-170.7,0.0,-8.8,-3.8,358.5,0.000000,0.000000,0.00,0.0,0.0,1.2,0.06,-0.13,0.89,29.31,-94.90,-10.08,55,67,247
85,4847953,-170.7,0.0,-8.6,-5.0,358.1,0.000000,0.000000,0.00,0.0,0.0,1.2,0.07,-0.13,0.89,25.95,-86.15,-7.70,55,67,247
86,4848050,-170.7,0.0,-8.5,-6.0,357.7,0.000000,0.000000,0.00,0.0,0.0,1.2,0.09,-0.12,0.91,23.15,-80.06,-5.60,55,67,247
87,4848148,-170.7,0.0,-8.4,-6.9,357.2,0.000000,0.000000,0.00,0.0,0.0,1.2,0.11,-0.12,0.93,20.77,-77.47,-3.64,55,67,247
88,4848245,-170.7,0.0,-8.3,-8.0,356.8,0.000000,0.000000,0.00,0.0,0.0,1.2,0.13,-0.13,0.95,17.90,-77.82,-2.31,55,67,247
89,4848342,-170.7,0.0,-8.3,-9.2,356.5,0.000000,0.000000,0.00,0.0,0.0,1.2,0.15,-0.13,0.95,14.75,-79.36,-1.82,55,67,247
90,4848440,-170.7,0.0,-8.0,-10.2,356.1,0.000000,0.000000,0.00,0.0,0.0,1.2,0.17,-0.12,0.97,12.44,-79.85,-1.89,55,67,247
91,4848537,-170.7,0.0,-7.5,-11.1,355.7,0.000000,0.000000,0.00,0.0,0.0,1.2,0.19,-0.11,1.00,11.60,-80.27,-2.45,55,67,247
92,4848634,-170.7,0.0,-7.4,-12.1,355.4,0.000000,0.000000,0.00,0.0,0.0,1.2,0.21,-0.12,1.01,13.42,-80.69,-3.78,55,67,247
93,4848732,-170.7,0.0,-7.1,-12.9,355.0,0.000000,0.000000,0.00,0.0,0.0,1.2,0.22,-0.11,1.02,15.94,-81.25,-5.60,55,67,247
94,4848829,-170.7,0.0,-6.7,-13.6,354.6,0.000000,0.000000,0.00,0.0,0.0,1.2,0.23,-0.10,1.02,19.02,-83.35,-6.93,55,67,247
95,4848926,-170.7,0.0,-6.6,-14.2,354.2,0.000000,0.000000,0.00,0.0,0.0,1.2,0.25,-0.11,1.02,22.31,-88.32,-7.63,55,67,247
96,4849024,-170.7,0.0,-6.5,-15.2,354.0,0.000000,0.000000,0.00,0.0,0.0,1.2,0.27,-0.10,1.00,25.32,-95.25,-7.91,55,67,247
97,4849121,-170.7,0.0,-6.5,-16.5,353.8,0.000000,0.000000,0.00,0.0,0.0,1.2,0.29,-0.10,0.97,26.02,-100.85,-7.70,55,67,247
98,4849218,-170.7,0.0,-6.4,-17.9,353.6,0.000000,0.000000,0.00,0.0,0.0,1.2,0.30,-0.10,0.95,24.34,-103.16,-8.26,55,67,247
99,4849316,-170.7,0.0,-6.0,-18.9,353.3,0.000000,0.000000,0.00,0.0,0.0,1.2,0.31,-0.08,0.93,21.75,-101.76,-9.38,55,67,247
100,4849413,-170.7,0.0,-5.6,-19.9,352.9,0.000000,0.000000,0.00,0.0,0.0,1.2,0.32,-0.08,0.92,19.79,-97.07,-9.94,55,67,247
101,4849511,-170.7,0.0,-5.4,-20.7,352.5,0.000000,0.000000,0.00,0.0,0.0,1.2,0.33,-0.07,0.92,18.81,-90.98,-9.66,55,67,247
102,4849608,-170.7,0.0,-5.3,-21.4,352.1,0.000000,0.000000,0.00,0.0,0.0,1.2,0.34,-0.07,0.92,18.60,-85.59,-8.68,55,67,247
103,4849705,-170.7,0.0,-5.1,-22.1,351.7,0.000000,0.000000,0.00,0.0,0.0,1.2,0.35,-0.06,0.91,18.88,-81.60,-7.35,55,67,247
104,4849803,-170.7,0.0,-4.8,-23.0,351.4,0.000000,0.000000,0.00,0.0,0.0,1.2,0.37,-0.05,0.89,18.46,-78.52,-5.67,55,67,247
105,4849900,-170.7,0.0,-4.7,-24.0,351.1,0.000000,0.000000,0.00,0.0,0.0,1.2,0.40,-0.06,0.89,17.27,-76.49,-4.41,55,67,247
106,4849997,-170.7,0.0,-4.6,-25.0,350.9,0.000000,0.000000,0.00,0.0,0.0,1.2,0.42,-0.05,0.90,15.87,-77.33,-4.48,55,67,247
107,4850095,-170.7,0.0,-4.7,-26.0,350.7,0.000000,0.000000,0.00,0.0,0.0,1.2,0.44,-0.05,0.90,14.33,-79.57,-4.48,55,67,247
108,4850192,-170.7,0.0,-4.6,-27.0,350.5,0.000000,0.000000,0.00,0.0,0.0,1.2,0.46,-0.05,0.90,13.14,-80.69,-4.13,55,67,247
109,4850289,-170.7,0.0,-4.5,-28.0,350.2,0.000000,0.000000,0.00,0.0,0.0,1.2,0.47,-0.05,0.91,12.23,-79.99,-4.83,55,67,247
110,4850387,-170.7,0.0,-4.3,-28.7,349.8,0.000000,0.000000,0.00,0.0,0.0,1.2,0.47,-0.04,0.92,12.58,-79.22,-6.16,55,67,247
111,4850484,-170.7,0.0,-4.0,-29.2,349.4,0.000000,0.000000,0.00,0.0,0.0,1.2,0.48,-0.03,0.91,14.68,-78.38,-6.86,55,67,247
112,4850581,-170.7,0.0,-3.7,-29.9,349.1,0.000000,0.000000,0.00,0.0,0.0,1.2,0.49,-0.03,0.88,16.92,-77.05,-6.79,55,67,247
113,4850679,-170.7,0.0,-3.6,-30.8,348.8,0.000000,0.000000,0.00,0.0,0.0,1.2,0.51,-0.04,0.87,18.11,-76.98,-6.72,55,67,247
114,4850776,-170.7,0.0,-3.5,-31.7,348.6,0.000000,0.000000,0.00,0.0,0.0,1.2,0.53,-0.03,0.84,17.27,-77.26,-6.72,55,67,247
115,4850873,-170.7,0.0,-3.3,-32.7,348.4,0.000000,0.000000,0.00,0.0,0.0,1.2,0.55,-0.03,0.81,14.61,-74.46,-7.21,55,67,247
116,4850971,-170.7,0.0,-3.2,-33.7,348.2,0.000000,0.000000,0.00,0.0,0.0,1.2,0.55,-0.02,0.81,11.95,-68.51,-8.54,55,67,247
117,4851068,-170.7,0.0,-3.1,-34.4,347.9,0.000000,0.000000,0.00,0.0,0.0,1.2,0.55,-0.02,0.82,10.55,-62.07,-9.45,55,67,247
118,4851165,-170.7,0.0,-3.0,-34.9,347.6,0.000000,0.000000,0.00,0.0,0.0,1.2,0.54,-0.02,0.83,10.41,-58.15,-8.96,55,67,247
119,4851263,-170.7,0.0,-2.8,-35.1,347.2,0.000000,0.000000,0.00,0.0,0.0,1.2,0.54,-0.02,0.84,11.46,-58.08,-7.14,55,67,247
120,4851360,-170.7,0.0,-2.7,-35.5,346.9,0.000000,0.000000,0.00,0.0,0.0,1.2,0.55,-0.01,0.80,11.32,-59.06,-4.48,55,67,247
121,4851458,-170.7,0.0,-2.6,-36.1,346.7,0.000000,0.000000,0.00,0.0,0.0,1.2,0.56,-0.01,0.77,9.50,-57.38,-2.66,55,67,247
122,4851555,-170.7,0.0,-2.5,-36.8,346.5,0.000000,0.000000,0.00,0.0,0.0,1.2,0.57,-0.01,0.76,7.54,-52.69,-1.82,55,67,247
123,4851652,-170.7,0.0,-2.5,-37.4,346.3,0.000000,0.000000,0.00,0.0,0.0,1.2,0.58,-0.01,0.77,5.79,-47.72,-1.47,55,67,247
124,4851750,-170.7,0.0,-2.5,-37.9,346.2,0.000000,0.000000,0.00,0.0,0.0,1.2,0.60,-0.02,0.78,4.39,-45.76,-1.96,55,67,247
125,4851847,-170.7,0.0,-2.6,-38.4,346.1,0.000000,0.000000,0.00,0.0,0.0,1.2,0.61,-0.02,0.78,2.57,-45.34,-2.24,55,67,247
126,4851944,-170.7,0.0,-2.6,-38.9,345.9,0.000000,0.000000,0.00,0.0,0.0,1.2,0.63,-0.02,0.78,0.47,-43.94,-2.87,55,67,247
127,4852042,-170.7,0.0,-2.7,-39.4,345.8,0.000000,0.000000,0.00,0.0,0.0,1.2,0.63,-0.01,0.79,-0.44,-41.28,-4.41,55,67,247
128,4852139,-170.7,0.0,-2.7,-39.7,345.5,0.000000,0.000000,0.00,0.0,0.0,1.2,0.63,-0.01,0.80,0.68,-38.62,-6.09,55,67,247
129,4852236,-170.7,0.0,-2.6,-39.8,345.2,0.000000,0.000000,0.00,0.0,0.0,1.2,0.62,-0.01,0.80,2.78,-37.85,-6.86,55,67,247
130,4852334,-170.7,0.0,-2.5,-40.0,345.0,0.000000,0.000000,0.00,0.0,0.0,1.2,0.62,-0.01,0.79,4.60,-39.04,-6.58,55,67,247
131,4852431,-170.7,0.0,-2.4,-40.2,344.7,0.000000,0.000000,0.00,0.0,0.0,1.2,0.62,-0.01,0.77,4.95,-39.67,-5.60,55,67,247
132,4852528,-170.7,0.0,-2.3,-40.5,344.5,0.000000,0.000000,0.00,0.0,0.0,1.2,0.62,-0.01,0.76,4.53,-39.11,-4.76,55,67,247
133,4852626,-170.7,0.0,-2.4,-40.9,344.3,0.000000,0.000000,0.00,0.0,0.0,1.2,0.63,-0.01,0.75,3.27,-37.50,-3.85,55,67,247
134,4852723,-170.7,0.0,-2.4,-41.2,344.2,0.000000,0.000000,0.00,0.0,0.0,1.2,0.63,-0.01,0.75,1.66,-35.12,-3.01,55,67,247
135,4852820,-170.7,0.0,-2.4,-41.4,344.0,0.000000,0.000000,0.00,0.0,0.0,1.2,0.63,-0.01,0.76,0.75,-32.53,-1.89,55,67,247
136,4852918,-170.7,0.0,-2.4,-41.5,343.8,0.000000,0.000000,0.00,0.0,0.0,1.2,0.63,-0.01,0.76,0.54,-30.22,-0.49,55,67,247
137,4853015,-170.7,0.0,-2.4,-41.7,343.6,0.000000,0.000000,0.00,0.0,0.0,1.2,0.64,-0.01,0.76,0.40,-27.98,-0.00,55,67,247
138,4853112,-170.7,0.0,-2.4,-41.9,343.5,0.000000,0.000000,0.00,0.0,0.0,1.2,0.65,-0.01,0.75,0.47,-25.74,0.14,55,67,247
139,4853210,-170.7,0.0,-2.4,-42.1,343.3,0.000000,0.000000,0.00,0.0,0.0,1.2,0.66,-0.00,0.75,0.19,-23.50,0.70,55,67,247
140,4853307,-170.7,0.0,-2.3,-42.4,343.2,0.000000,0.000000,0.00,0.0,0.0,1.2,0.67,-0.00,0.74,-0.37,-20.70,0.63,55,67,247
141,4853405,-170.7,0.0,-2.3,-42.6,343.0,0.000000,0.000000,0.00,0.0,0.0,1.2,0.67,0.00,0.73,-0.51,-17.06,0.28,55,67,247
142,4853502,-170.7,0.0,-2.2,-42.8,342.8,0.000000,0.000000,0.00,0.0,0.0,1.2,0.67,-0.00,0.75,-0.37,-14.33,-0.00,55,67,247
143,4853599,-170.7,0.0,-2.2,-42.9,342.7,0.000000,0.000000,0.00,0.0,0.0,1.2,0.68,-0.00,0.75,0.47,-14.68,-0.35,55,67,247
144,4853697,-170.7,0.0,-2.2,-43.0,342.5,0.000000,0.000000,0.00,0.0,0.0,1.2,0.68,-0.00,0.75,1.45,-17.76,-0.77,55,67,247
145,4853794,-170.7,0.0,-2.2,-43.3,342.4,0.000000,0.000000,0.00,0.0,0.0,1.2,0.68,-0.01,0.74,2.01,-21.82,-1.12,55,67,247
146,4853891,-170.7,0.0,-2.2,-43.6,342.3,0.000000,0.000000,0.00,0.0,0.0,1.2,0.68,-0.01,0.73,1.80,-26.16,-1.68,55,67,247
147,4853989,-170.7,0.0,-2.3,-43.9,342.2,0.000000,0.000000,0.00,0.0,0.0,1.2,0.68,-0.01,0.72,0.82,-29.24,-2.45,55,67,247
148,4854086,-170.7,0.0,-2.2,-44.3,342.0,0.000000,0.000000,0.00,0.0,0.0,1.2,0.69,0.00,0.70,0.05,-28.75,-2.80,55,67,247
149,4854183,-170.7,0.0,-2.1,-44.7,341.8,0.000000,0.000000,0.00,0.0,0.0,1.2,0.69,0.01,0.70,-1.00,-24.41,-3.22,55,67,247
150,4854281,-170.7,0.0,-2.0,-44.9,341.6,0.000000,0.000000,0.00,0.0,0.0,1.2,0.69,0.01,0.69,-1.63,-17.41,-3.92,55,67,247
151,4854378,-170.7,0.0,-1.9,-45.1,341.3,0.000000,0.000000,0.00,0.0,0.0,1.2,0.69,0.01,0.69,-1.91,-8.80,-3.92,55,67,247
152,4854475,-170.7,0.0,-1.7,-45.2,341.1,0.000000,0.000000,0.00,0.0,0.0,1.2,0.68,0.01,0.69,-2.05,-0.33,-2.87,55,67,247
153,4854573,-170.7,0.0,-1.6,-45.0,340.9,0.000000,0.000000,0.00,0.0,0.0,1.2,0.68,0.01,0.72,-1.28,4.99,-1.05,55,67,247
154,4854670,-170.7,0.0,-1.7,-44.7,340.7,0.000000,0.000000,0.00,0.0,0.0,1.2,0.68,-0.00,0.74,0.47,4.71,1.12,55,67,247
155,4854767,-170.7,0.0,-1.8,-44.6,340.7,0.000000,0.000000,0.00,0.0,0.0,1.2,0.69,-0.01,0.73,1.80,0.65,2.87,55,67,247
156,4854865,-170.7,0.0,-2.0,-44.6,340.8,0.000000,0.000000,0.00,0.0,0.0,1.2,0.70,-0.02,0.72,1.73,-5.44,3.78,55,67,247
157,4854962,-170.7,0.0,-2.2,-44.8,340.8,0.000000,0.000000,0.00,0.0,0.0,1.2,0.71,-0.02,0.71,0.40,-11.25,3.50,55,67,247
158,4855059,-170.7,0.0,-2.3,-45.1,340.8,0.000000,0.000000,0.00,0.0,0.0,1.2,0.72,-0.02,0.71,-1.07,-15.17,2.31,55,67,247
159,4855157,-170.7,0.0,-2.3,-45.3,340.8,0.000000,0.000000,0.00,0.0,0.0,1.2,0.72,-0.01,0.70,-2.75,-16.50,0.70,55,67,247
160,4855254,-170.7,0.0,-2.3,-45.6,340.7,0.000000,0.000000,0.00,0.0,0.0,1.2,0.72,-0.00,0.71,-3.52,-15.38,-1.05,55,67,247
161,4855351,-170.7,0.0,-2.2,-45.7,340.5,0.000000,0.000000,0.00,0.0,0.0,1.2,0.71,0.00,0.73,-2.75,-13.70,-2.38,55,67,247
162,4855449,-170.7,0.0,-2.0,-45.6,340.2,0.000000,0.000000,0.00,0.0,0.0,1.2,0.70,0.00,0.72,-0.86,-11.46,-2.80,55,67,247
163,4855546,-170.7,0.0,-1.9,-45.6,340.0,0.000000,0.000000,0.00,0.0,0.0,1.2,0.70,0.00,0.71,1.03,-8.59,-2.45,55,67,247
164,4855644,-170.7,0.0,-1.8,-45.6,339.9,0.000000,0.000000,0.00,0.0,0.0,1.2,0.70,-0.00,0.71,2.36,-7.54,-1.68,55,67,247
165,4855741,-170.7,0.0,-1.7,-45.6,339.7,0.000000,0.000000,0.00,0.0,0.0,1.2,0.71,-0.00,0.71,2.99,-9.57,-0.42,55,67,247
166,4855838,-170.7,0.0,-1.8,-45.8,339.7,0.000000,0.000000,0.00,0.0,0.0,1.2,0.73,-0.01,0.71,3.06,-14.96,-0.14,55,67,247
167,4855936,-170.7,0.0,-1.9,-46.2,339.7,0.000000,0.000000,0.00,0.0,0.0,1.2,0.75,-0.02,0.70,2.29,-22.17,-1.68,55,67,247
168,4856033,-170.7,0.0,-1.9,-46.6,339.6,0.000000,0.000000,0.00,0.0,0.0,1.2,0.76,-0.01,0.70,0.89,-29.17,-4.27,55,67,247
169,4856130,-170.7,0.0,-1.8,-47.0,339.5,0.000000,0.000000,0.00,0.0,0.0,1.2,0.76,-0.01,0.69,-0.23,-33.79,-6.79,55,67,247
170,4856228,-170.7,0.0,-1.7,-47.5,339.3,0.000000,0.000000,0.00,0.0,0.0,1.2,0.76,-0.00,0.68,-1.07,-34.77,-9.24,55,67,247
171,4856325,-170.7,0.0,-1.5,-47.9,339.1,0.000000,0.000000,0.00,0.0,0.0,1.2,0.75,0.00,0.68,-1.28,-32.39,-11.27,55,67,247
172,4856422,-170.7,0.0,-1.2,-48.2,338.8,0.000000,0.000000,0.00,0.0,0.0,1.2,0.74,0.01,0.67,-0.72,-28.12,-12.04,55,67,247
173,4856520,-170.7,0.0,-0.9,-48.3,338.4,0.000000,0.000000,0.00,0.0,0.0,1.2,0.71,0.02,0.66,-0.37,-22.80,-11.20,55,67,247
174,4856617,-170.7,0.0,-0.6,-48.4,338.0,0.000000,0.000000,0.00,0.0,0.0,1.2,0.70,0.02,0.65,-0.09,-15.87,-8.89,55,67,247
175,4856714,-170.7,0.0,-0.3,-48.3,337.7,0.000000,0.000000,0.00,0.0,0.0,1.2,0.69,0.03,0.64,0.05,-6.70,-5.88,55,67,247
176,4856812,-170.7,0.0,-0.1,-48.1,337.4,0.000000,0.000000,0.00,0.0,0.0,1.2,0.68,0.02,0.66,0.61,2.12,-2.31,55,67,247
177,4856909,-170.7,0.0,0.0,-47.7,337.2,0.000000,0.000000,0.00,0.0,0.0,1.2,0.68,0.02,0.67,1.24,8.07,1.68,55,67,247
178,4857006,-170.7,0.0,-0.1,-47.4,337.3,0.000000,0.000000,0.00,0.0,0.0,1.2,0.69,0.01,0.68,1.03,11.29,5.18,55,67,247
179,4857104,-170.7,0.0,-0.3,-47.2,337.3,0.000000,0.000000,0.00,0.0,0.0,1.2,0.70,0.01,0.67,-0.02,14.86,7.49,55,67,247
180,4857201,-170.7,0.0,-0.5,-47.0,337.4,0.000000,0.000000,0.00,0.0,0.0,1.2,0.70,0.01,0.68,-0.44,20.25,8.61,55,67,247
181,4857298,-170.7,0.0,-0.7,-46.8,337.5,0.000000,0.000000,0.00,0.0,0.0,1.2,0.71,0.01,0.68,-0.16,25.22,9.17,55,67,247
182,4857396,-170.7,0.0,-0.9,-46.5,337.6,0.000000,0.000000,0.00,0.0,0.0,1.2,0.72,0.01,0.69,0.26,28.72,9.17,55,67,247
183,4857493,-170.7,0.0,-1.0,-46.3,337.7,0.000000,0.000000,0.00,0.0,0.0,1.2,0.74,-0.00,0.70,1.17,29.21,8.61,55,67,247
184,4857591,-170.7,0.0,-1.2,-46.2,337.8,0.000000,0.000000,0.00,0.0,0.0,1.2,0.75,-0.01,0.71,2.29,25.36,6.93,55,67,247
185,4857688,-170.7,0.0,-1.3,-46.0,337.9,0.000000,0.000000,0.00,0.0,0.0,1.2,0.75,-0.01,0.71,3.62,17.59,5.88,55,67,247
186,4857785,-170.7,0.0,-1.6,-46.1,338.0,0.000000,0.000000,0.00,0.0,0.0,1.2,0.76,-0.03,0.69,2.99,9.40,3.85,55,67,247
187,4857883,-170.7,0.0,-1.7,-46.3,338.1,0.000000,0.000000,0.00,0.0,0.0,1.2,0.76,-0.02,0.69,1.59,2.68,0.98,55,67,247
188,4857980,-170.7,0.0,-1.8,-46.5,338.1,0.000000,0.000000,0.00,0.0,0.0,1.2,0.75,-0.01,0.68,0.12,-1.59,-1.05,55,67,247
189,4858077,-170.7,0.0,-1.8,-46.6,338.0,0.000000,0.000000,0.00,0.0,0.0,1.2,0.74,-0.01,0.69,-0.51,-3.62,-2.59,55,67,247
190,4858175,-170.7,0.0,-1.7,-46.7,337.9,0.000000,0.000000,0.00,0.0,0.0,1.2,0.72,-0.00,0.69,-0.58,-3.69,-3.36,55,67,247
191,4858272,-170.7,0.0,-1.6,-46.7,337.7,0.000000,0.000000,0.00,0.0,0.0,1.2,0.71,0.01,0.69,-0.51,-2.15,-3.15,55,67,247
192,4858369,-170.7,0.0,-1.5,-46.7,337.5,0.000000,0.000000,0.00,0.0,0.0,1.2,0.71,0.01,0.68,-0.30,1.56,-2.17,55,67,247
193,4858467,-170.7,0.0,-1.3,-46.5,337.3,0.000000,0.000000,0.00,0.0,0.0,1.2,0.70,0.01,0.68,-0.23,6.95,-0.56,55,67,247
194,4858564,-170.7,0.0,-1.2,-46.3,337.1,0.000000,0.000000,0.00,0.0,0.0,1.2,0.69,0.01,0.70,0.75,11.29,1.54,55,67,247
195,4858661,-170.7,0.0,-1.2,-46.0,337.1,0.000000,0.000000,0.00,0.0,0.0,1.2,0.69,0.00,0.69,1.66,12.69,4.27,55,67,247
196,4858759,-170.7,0.0,-1.2,-45.9,337.1,0.000000,0.000000,0.00,0.0,0.0,1.2,0.69,-0.00,0.68,1.38,13.25,6.65,55,67,247
197,4858856,-170.7,0.0,-1.3,-45.8,337.1,0.000000,0.000000,0.00,0.0,0.0,1.2,0.70,-0.00,0.67,0.26,15.21,7.98,55,67,247
198,4858953,-170.7,0.0,-1.5,-45.8,337.2,0.000000,0.000000,0.00,0.0,0.0,1.2,0.71,-0.01,0.67,-1.07,17.52,8.33,55,67,247
199,4859051,-170.7,0.0,-1.6,-45.7,337.3,0.000000,0.000000,0.00,0.0,0.0,1.2,0.72,-0.01,0.70,-2.12,18.36,8.05,55,67,247
200,4859148,-170.7,0.0,-1.8,-45.6,337.4,0.000000,0.000000,0.00,0.0,0.0,1.2,0.72,-0.02,0.71,-2.75,16.89,7.63,55,67,247
201,4859245,-170.7,0.0,-2.0,-45.4,337.5,0.000000,0.000000,0.00,0.0,0.0,1.2,0.72,-0.02,0.72,-2.96,14.79,7.07,55,67,247
202,4859343,-170.7,0.0,-2.1,-45.3,337.5,0.000000,0.000000,0.00,0.0,0.0,1.2,0.72,-0.01,0.72,-2.82,13.25,5.74,55,67,247
203,4859440,-170.7,0.0,-2.1,-45.2,337.5,0.000000,0.000000,0.00,0.0,0.0,1.2,0.71,-0.01,0.72,-2.40,12.34,4.48,55,67,247
204,4859538,-170.7,0.0,-2.1,-45.1,337.4,0.000000,0.000000,0.00,0.0,0.0,1.2,0.71,-0.01,0.71,-1.98,12.55,3.57,55,67,247
205,4859635,-170.7,0.0,-2.1,-45.0,337.4,0.000000,0.000000,0.00,0.0,0.0,1.2,0.71,-0.01,0.70,-1.77,13.53,3.01,55,67,247
206,4859732,-170.7,0.0,-2.0,-44.9,337.3,0.000000,0.000000,0.00,0.0,0.0,1.2,0.71,-0.01,0.70,-1.70,15.21,2.45,55,67,247
207,4859830,-170.7,0.0,-2.1,-44.7,337.3,0.000000,0.000000,0.00,0.0,0.0,1.2,0.71,-0.02,0.72,-1.35,15.63,1.89,55,67,247
208,4859927,-170.7,0.0,-2.1,-44.6,337.3,0.000000,0.000000,0.00,0.0,0.0,1.2,0.71,-0.02,0.73,-1.00,13.95,1.40,55,67,247
209,4860024,-170.7,0.0,-2.1,-44.5,337.2,0.000000,0.000000,0.00,0.0,0.0,1.2,0.71,-0.02,0.73,-1.00,11.50,0.98,55,67,247
210,4860122,-170.7,0.0,-2.2,-44.4,337.2,0.000000,0.000000,0.00,0.0,0.0,1.2,0.71,-0.02,0.71,-1.42,10.10,0.63,55,67,247
211,4860219,-170.7,0.0,-2.2,-44.4,337.1,0.000000,0.000000,0.00,0.0,0.0,1.2,0.71,-0.01,0.71,-2.19,11.43,-0.14,55,67,247
212,4860316,-170.7,0.0,-2.1,-44.4,337.0,0.000000,0.000000,0.00,0.0,0.0,1.2,0.70,-0.00,0.69,-2.68,15.70,-0.77,55,67,247
213,4860414,-170.7,0.0,-2.0,-44.4,336.8,0.000000,0.000000,0.00,0.0,0.0,1.2,0.70,0.00,0.68,-3.10,22.56,-0.84,55,67,247
214,4860511,-170.7,0.0,-1.8,-44.2,336.6,0.000000,0.000000,0.00,0.0,0.0,1.2,0.69,-0.00,0.69,-3.80,29.84,-0.98,55,67,247
215,4860608,-170.7,0.0,-1.7,-44.0,336.5,0.000000,0.000000,0.00,0.0,0.0,1.2,0.69,-0.00,0.68,-4.99,36.98,-1.19,55,67,247
216,4860706,-170.7,0.0,-1.7,-43.7,336.4,0.000000,0.000000,0.00,0.0,0.0,1.2,0.69,-0.02,0.71,-5.90,42.65,-1.61,55,67,247
217,4860803,-170.7,0.0,-1.8,-43.0,336.4,0.000000,0.000000,0.00,0.0,0.0,1.2,0.67,-0.01,0.77,-4.71,42.51,-1.61,55,67,247
218,4860900,-170.7,0.0,-1.9,-42.2,336.4,0.000000,0.000000,0.00,0.0,0.0,1.2,0.66,-0.03,0.80,-3.52,34.88,1.26,55,67,247
219,4860998,-170.7,0.0,-2.1,-41.7,336.4,0.000000,0.000000,0.00,0.0,0.0,1.2,0.67,-0.03,0.79,-3.10,26.20,3.15,55,67,247
220,4861095,-170.7,0.0,-2.3,-41.3,336.5,0.000000,0.000000,0.00,0.0,0.0,1.2,0.67,-0.03,0.78,-2.47,19.20,3.92,55,67,247
221,4861192,-170.7,0.0,-2.3,-41.1,336.5,0.000000,0.000000,0.00,0.0,0.0,1.2,0.66,-0.02,0.77,-3.24,13.81,5.11,55,67,247
222,4861290,-170.7,0.0,-2.4,-41.0,336.6,0.000000,0.000000,0.00,0.0,0.0,1.2,0.66,-0.03,0.75,-3.10,11.50,4.34,55,67,247
223,4861387,-170.7,0.0,-2.3,-41.0,336.5,0.000000,0.000000,0.00,0.0,0.0,1.2,0.66,-0.00,0.75,-2.96,11.64,3.78,55,67,247
224,4861484,-170.7,0.0,-2.3,-40.9,336.4,0.000000,0.000000,0.00,0.0,0.0,1.2,0.66,-0.01,0.75,-3.80,13.04,2.94,55,67,247
225,4861582,-170.7,0.0,-2.2,-40.8,336.3,0.000000,0.000000,0.00,0.0,0.0,1.2,0.65,-0.01,0.75,-3.87,15.98,1.82,55,67,247
226,4861679,-170.7,0.0,-2.1,-40.6,336.1,0.000000,0.000000,0.00,0.0,0.0,1.2,0.64,-0.01,0.76,-3.17,18.85,0.70,55,67,247
227,4861777,-170.7,0.0,-2.1,-40.3,336.1,0.000000,0.000000,0.00,0.0,0.0,1.2,0.63,-0.02,0.77,-1.91,19.90,0.14,55,67,247
228,4861874,-170.7,0.0,-2.1,-39.9,336.0,0.000000,0.000000,0.00,0.0,0.0,1.2,0.63,-0.02,0.78,-0.86,18.57,0.42,55,67,247
229,4861971,-170.7,0.0,-2.2,-39.6,336.0,0.000000,0.000000,0.00,0.0,0.0,1.2,0.62,-0.03,0.78,-0.65,16.05,1.19,55,67,247
230,4862069,-170.7,0.0,-2.3,-39.4,336.1,0.000000,0.000000,0.00,0.0,0.0,1.2,0.63,-0.04,0.77,-1.42,14.09,1.75,55,67,247
231,4862166,-170.7,0.0,-2.4,-39.3,336.1,0.000000,0.000000,0.00,0.0,0.0,1.2,0.63,-0.04,0.76,-2.54,14.16,1.96,55,67,247
232,4862263,-170.7,0.0,-2.5,-39.3,336.2,0.000000,0.000000,0.00,0.0,0.0,1.2,0.63,-0.03,0.75,-3.66,16.89,2.17,55,67,247
233,4862361,-170.7,0.0,-2.5,-39.2,336.1,0.000000,0.000000,0.00,0.0,0.0,1.2,0.62,-0.02,0.74,-5.13,22.70,2.03,55,67,247
234,4862458,-170.7,0.0,-2.5,-39.1,336.1,0.000000,0.000000,0.00,0.0,0.0,1.2,0.62,-0.02,0.73,-5.69,31.10,2.03,55,67,247
235,4862555,-170.7,0.0,-2.5,-38.9,336.0,0.000000,0.000000,0.00,0.0,0.0,1.2,0.62,-0.02,0.72,-6.46,41.11,2.66,55,67,247
236,4862653,-170.7,0.0,-2.5,-38.7,336.0,0.000000,0.000000,0.00,0.0,0.0,1.2,0.62,-0.02,0.70,-9.33,53.50,3.36,55,67,247
237,4862750,-170.7,0.0,-2.6,-38.4,336.0,0.000000,0.000000,0.00,0.0,0.0,1.2,0.62,-0.02,0.68,-13.60,69.32,3.15,55,67,247
238,4862847,-170.7,0.0,-2.8,-38.0,335.9,0.000000,0.000000,0.00,0.0,0.0,1.2,0.62,-0.03,0.68,-17.80,87.31,1.68,55,67,247
239,4862945,-170.7,0.0,-3.0,-37.3,335.9,0.000000,0.000000,0.00,0.0,0.0,1.2,0.60,-0.04,0.73,-20.81,103.27,0.07,55,67,247
240,4863042,-170.7,0.0,-3.2,-36.3,335.8,0.000000,0.000000,0.00,0.0,0.0,1.2,0.59,-0.04,0.78,-22.77,114.33,-0.84,55,67,247
241,4863139,-170.7,0.0,-3.5,-34.9,335.7,0.000000,0.000000,0.00,0.0,0.0,1.2,0.56,-0.05,0.83,-23.40,120.42,-1.54,55,67,247
242,4863237,-170.7,0.0,-3.8,-33.3,335.7,0.000000,0.000000,0.00,0.0,0.0,1.2,0.54,-0.06,0.88,-22.56,119.72,-2.03,55,67,247
243,4863334,-170.7,0.0,-4.1,-31.7,335.6,0.000000,0.000000,0.00,0.0,0.0,1.2,0.53,-0.07,0.91,-20.88,112.72,-1.61,55,67,247
244,4863431,-170.7,0.0,-4.3,-30.4,335.5,0.000000,0.000000,0.00,0.0,0.0,1.2,0.53,-0.07,0.91,-19.69,102.92,-1.19,55,67,247
245,4863529,-170.7,0.0,-4.4,-29.5,335.4,0.000000,0.000000,0.00,0.0,0.0,1.2,0.53,-0.07,0.90,-20.04,94.87,-2.03,55,67,247
246,4863626,-170.7,0.0,-4.5,-28.8,335.3,0.000000,0.000000,0.00,0.0,0.0,1.2,0.51,-0.07,0.86,-21.16,92.63,-4.48,55,67,247
247,4863724,-170.7,0.0,-4.5,-28.2,335.1,0.000000,0.000000,0.00,0.0,0.0,1.2,0.48,-0.05,0.82,-22.63,98.93,-7.56,55,67,247
248,4863821,-170.7,0.0,-4.5,-27.4,334.8,0.000000,0.000000,0.00,0.0,0.0,1.2,0.45,-0.05,0.80,-23.75,112.93,-10.92,55,67,247
249,4863918,-170.7,0.0,-4.4,-26.3,334.5,0.000000,0.000000,0.00,0.0,0.0,1.2,0.41,-0.05,0.80,-24.59,131.48,-14.28,55,67,247
250,4864016,-170.7,0.0,-4.1,-24.6,334.1,0.000000,0.000000,0.00,0.0,0.0,1.2,0.37,-0.05,0.82,-25.08,150.31,-17.01,55,67,247
251,4864113,-170.7,0.0,-3.9,-22.4,333.8,0.000000,0.000000,0.00,0.0,0.0,1.2,0.33,-0.06,0.85,-25.43,165.15,-18.41,55,67,247
252,4864210,-170.7,0.0,-4.0,-20.1,333.5,0.000000,0.000000,0.00,0.0,0.0,1.2,0.29,-0.07,0.90,-24.87,172.64,-17.57,55,67,247
253,4864308,-170.7,0.0,-4.3,-17.9,333.2,0.000000,0.000000,0.00,0.0,0.0,1.2,0.26,-0.09,0.95,-24.45,170.82,-14.84,55,67,247
254,4864405,-170.7,0.0,-4.7,-15.6,333.0,0.000000,0.000000,0.00,0.0,0.0,1.2,0.24,-0.09,1.00,-24.59,160.74,-10.01,55,67,247
255,4864502,-170.7,0.0,-4.9,-13.5,332.9,0.000000,0.000000,0.00,0.0,0.0,1.2,0.22,-0.10,1.02,-25.43,145.34,-3.71,55,67,247
256,4864600,-170.7,0.0,-5.3,-11.6,333.0,0.000000,0.000000,0.00,0.0,0.0,1.2,0.21,-0.12,1.02,-27.11,128.19,2.45,55,67,247
257,4864697,-170.7,0.0,-5.8,-10.0,333.1,0.000000,0.000000,0.00,0.0,0.0,1.2,0.18,-0.11,1.00,-29.77,113.42,8.19,55,67,247
258,4864794,-170.7,0.0,-6.2,-9.0,333.2,0.000000,0.000000,0.00,0.0,0.0,1.2,0.17,-0.11,0.97,-32.92,105.58,13.23,55,67,247
259,4864892,-170.7,0.0,-6.7,-8.0,333.3,0.000000,0.000000,0.00,0.0,0.0,1.2,0.14,-0.11,0.93,-36.07,106.63,15.75,55,67,247
260,4864989,-170.7,0.0,-6.5,-6.5,333.5,0.000000,0.000000,0.00,0.0,0.0,1.2,0.11,-0.10,0.88,-39.50,118.11,17.08,55,67,247
261,4865086,-170.7,0.0,-6.5,-4.8,333.8,0.000000,0.000000,0.00,0.0,0.0,1.2,0.08,-0.11,0.85,-43.00,138.55,17.29,55,67,247
262,4865184,-170.7,0.0,-6.7,-2.8,334.0,0.000000,0.000000,0.00,0.0,0.0,1.2,0.05,-0.12,0.85,-46.50,162.00,16.31,55,67,247
263,4865281,-170.7,0.0,-7.3,-0.6,334.4,0.000000,0.000000,0.00,0.0,0.0,1.2,0.03,-0.13,0.89,-49.65,181.39,14.00,55,67,247
264,4865378,-170.7,0.0,-8.1,0.9,334.7,0.000000,0.000000,0.00,0.0,0.0,1.2,0.01,-0.16,0.96,-51.68,190.35,11.62,55,67,247
265,4865476,-170.7,0.0,-8.1,2.7,335.0,0.000000,0.000000,0.00,0.0,0.0,1.2,-0.01,-0.18,1.04,-52.59,186.29,10.71,55,67,247
266,4865573,-170.7,0.0,-8.3,4.1,335.4,0.000000,0.000000,0.00,0.0,0.0,1.2,-0.04,-0.19,1.10,-51.54,171.80,11.55,55,67,247
267,4865671,-170.7,0.0,-8.3,5.6,335.8,0.000000,0.000000,0.00,0.0,0.0,1.2,-0.08,-0.20,1.12,-48.95,151.50,14.14,55,67,247
268,4865768,-170.7,0.0,-8.5,7.3,336.2,0.000000,0.000000,0.00,0.0,0.0,1.2,-0.13,-0.19,1.09,-47.13,131.62,19.67,55,67,247
269,4865865,-170.7,0.0,-8.9,9.2,336.5,0.000000,0.000000,0.00,0.0,0.0,1.2,-0.16,-0.19,1.03,-47.13,119.51,26.81,55,67,247
270,4865963,-170.7,0.0,-9.2,10.8,337.0,0.000000,0.000000,0.00,0.0,0.0,1.2,-0.19,-0.20,0.93,-50.28,120.28,32.76,55,67,247
271,4866060,-170.7,0.0,-9.7,12.8,337.4,0.000000,0.000000,0.00,0.0,0.0,1.2,-0.24,-0.19,0.83,-56.09,137.92,36.47,55,67,247
272,4866157,-170.7,0.0,-10.3,15.0,337.6,0.000000,0.000000,0.00,0.0,0.0,1.2,-0.27,-0.20,0.82,-61.48,167.25,38.08,55,67,247
273,4866255,-170.7,0.0,-11.2,17.4,337.7,0.000000,0.000000,0.00,0.0,0.0,1.2,-0.28,-0.23,0.86,-65.05,196.37,36.82,55,67,247
274,4866352,-170.7,0.0,-12.1,19.3,337.9,0.000000,0.000000,0.00,0.0,0.0,1.2,-0.29,-0.25,0.94,-65.12,217.37,34.23,55,67,247
275,4866449,-170.7,0.0,-12.6,21.0,338.0,0.000000,0.000000,0.00,0.0,0.0,1.2,-0.28,-0.27,1.04,-61.69,222.83,31.22,55,67,247
276,4866547,-170.7,0.0,-13.0,22.4,338.0,0.000000,0.000000,0.00,0.0,0.0,1.2,-0.27,-0.28,1.11,-54.76,211.91,28.14,55,67,247
277,4866644,-170.7,0.0,-13.4,23.7,338.0,0.000000,0.000000,0.00,0.0,0.0,1.2,-0.25,-0.30,1.17,-45.94,189.37,25.20,55,67,247
278,4866741,-170.7,0.0,-13.7,24.8,337.9,0.000000,0.000000,0.00,0.0,0.0,1.2,-0.24,-0.30,1.20,-36.77,158.92,21.28,55,67,247
279,4866839,-170.7,0.0,-13.8,25.4,337.9,0.000000,0.000000,0.00,0.0,0.0,1.2,-0.24,-0.29,1.18,-27.18,126.16,17.22,55,67,247
280,4866936,-170.7,0.0,-13.9,25.9,337.9,0.000000,0.000000,0.00,0.0,0.0,1.2,-0.26,-0.28,1.11,-18.57,97.88,13.16,55,67,247
281,4867033,-170.7,0.0,-13.8,26.1,338.1,0.000000,0.000000,0.00,0.0,0.0,1.2,-0.29,-0.26,1.03,-12.55,81.15,7.35,55,67,247
282,4867131,-170.7,0.0,-13.6,26.3,338.2,0.000000,0.000000,0.00,0.0,0.0,1.2,-0.32,-0.26,0.97,-4.08,74.78,4.55,55,67,247
283,4867228,-170.7,0.0,-13.4,26.5,338.5,0.000000,0.000000,0.00,0.0,0.0,1.2,-0.37,-0.26,0.91,2.50,75.48,2.45,55,67,247
284,4867325,-170.7,0.0,-12.9,27.0,339.0,0.000000,0.000000,0.00,0.0,0.0,1.2,-0.41,-0.24,0.87,6.63,81.57,1.19,55,67,247
285,4867423,-170.7,0.0,-12.7,27.7,339.4,0.000000,0.000000,0.00,0.0,0.0,1.2,-0.42,-0.25,0.85,9.08,88.29,0.07,55,67,247
286,4867520,-170.7,0.0,-12.8,28.4,339.8,0.000000,0.000000,0.00,0.0,0.0,1.2,-0.43,-0.27,0.83,10.62,94.59,-1.61,55,67,247
287,4867617,-170.7,0.0,-13.0,29.1,339.9,0.000000,0.000000,0.00,0.0,0.0,1.2,-0.43,-0.28,0.83,11.67,97.60,-3.36,55,67,247
288,4867715,-170.7,0.0,-13.3,29.8,340.1,0.000000,0.000000,0.00,0.0,0.0,1.2,-0.45,-0.28,0.83,11.74,96.76,-4.97,55,67,247
289,4867812,-170.7,0.0,-13.5,30.5,340.2,0.000000,0.000000,0.00,0.0,0.0,1.2,-0.48,-0.28,0.84,10.27,92.14,-5.67,55,67,247
290,4867910,-170.7,0.0,-13.6,31.2,340.4,0.000000,0.000000,0.00,0.0,0.0,1.2,-0.50,-0.27,0.84,8.31,84.02,-5.04,55,67,247
291,4868007,-170.7,0.0,-13.8,31.6,340.6,0.000000,0.000000,0.00,0.0,0.0,1.2,-0.49,-0.27,0.85,6.63,73.66,-3.22,55,67,247
292,4868104,-170.7,0.0,-14.1,31.8,340.7,0.000000,0.000000,0.00,0.0,0.0,1.2,-0.50,-0.29,0.86,6.28,61.41,-2.66,55,67,247
293,4868202,-170.7,0.0,-14.4,32.2,340.9,0.000000,0.000000,0.00,0.0,0.0,1.2,-0.52,-0.28,0.82,6.21,51.61,-2.31,55,67,247
294,4868299,-170.7,0.0,-14.6,32.8,340.9,0.000000,0.000000,0.00,0.0,0.0,1.2,-0.54,-0.28,0.79,5.58,46.64,-2.10,55,67,247
295,4868396,-170.7,0.0,-14.8,33.5,341.0,0.000000,0.000000,0.00,0.0,0.0,1.2,-0.56,-0.27,0.78,4.95,45.10,-1.89,55,67,247
296,4868494,-170.7,0.0,-14.9,34.3,341.2,0.000000,0.000000,0.00,0.0,0.0,1.2,-0.57,-0.26,0.77,4.88,46.22,-1.54,55,67,247
297,4868591,-170.7,0.0,-14.9,34.9,341.4,0.000000,0.000000,0.00,0.0,0.0,1.2,-0.57,-0.26,0.77,5.79,47.06,-1.40,55,67,247
298,4868688,-170.7,0.0,-14.9,35.3,341.7,0.000000,0.000000,0.00,0.0,0.0,1.2,-0.56,-0.26,0.79,7.54,45.94,-1.68,55,67,247
299,4868786,-170.7,0.0,-15.0,35.7,341.9,0.000000,0.000000,0.00,0.0,0.0,1.2,-0.56,-0.26,0.78,8.80,43.63,-2.10,55,67,247
300,4868883,-170.7,0.0,-15.0,36.1,342.1,0.000000,0.000000,0.00,0.0,0.0,1.2,-0.56,-0.26,0.76,9.71,43.00,-1.68,55,67,247
301,4868980,-170.7,0.0,-15.1,36.5,342.3,0.000000,0.000000,0.00,0.0,0.0,1.2,-0.57,-0.25,0.76,9.92,42.30,-1.61,55,67,247
302,4869078,-170.7,0.0,-15.1,36.8,342.5,0.000000,0.000000,0.00,0.0,0.0,1.2,-0.57,-0.25,0.76,9.57,39.22,-1.05,55,67,247
303,4869175,-170.7,0.0,-15.2,37.2,342.7,0.000000,0.000000,0.00,0.0,0.0,1.2,-0.59,-0.24,0.74,7.54,35.72,0.07,55,67,247
304,4869272,-170.7,0.0,-15.2,37.7,342.9,0.000000,0.000000,0.00,0.0,0.0,1.2,-0.60,-0.24,0.73,4.81,34.46,1.33,55,67,247
305,4869370,-170.7,0.0,-15.2,38.2,343.0,0.000000,0.000000,0.00,0.0,0.0,1.2,-0.60,-0.24,0.72,2.57,35.30,2.66,55,67,247
306,4869467,-170.7,0.0,-15.3,38.7,343.1,0.000000,0.000000,0.00,0.0,0.0,1.2,-0.60,-0.24,0.72,1.52,37.26,3.64,55,67,247
307,4869564,-170.7,0.0,-15.5,39.0,343.3,0.000000,0.000000,0.00,0.0,0.0,1.2,-0.59,-0.24,0.72,0.82,39.57,3.99,55,67,247
308,4869662,-170.7,0.0,-15.7,39.1,343.4,0.000000,0.000000,0.00,0.0,0.0,1.2,-0.58,-0.25,0.73,-0.02,41.46,3.43,55,67,247
309,4869759,-170.7,0.0,-15.7,39.1,343.6,0.000000,0.000000,0.00,0.0,0.0,1.2,-0.59,-0.24,0.76,0.12,41.81,2.38,55,67,247
310,4869857,-170.7,0.0,-15.6,39.0,344.0,0.000000,0.000000,0.00,0.0,0.0,1.2,-0.60,-0.24,0.80,1.80,39.01,2.17,55,67,247
311,4869954,-170.7,0.0,-15.2,38.8,344.4,0.000000,0.000000,0.00,0.0,0.0,1.2,-0.61,-0.24,0.84,5.37,30.96,2.45,55,67,247
312,4870051,-170.7,0.0,-14.9,38.5,344.8,0.000000,0.000000,0.00,0.0,0.0,1.2,-0.61,-0.24,0.84,9.36,20.53,3.08,55,67,247
313,4870149,-170.7,0.0,-14.7,38.2,345.2,0.000000,0.000000,0.00,0.0,0.0,1.2,-0.61,-0.25,0.82,12.44,11.78,3.64,55,67,247
314,4870246,-170.7,0.0,-14.6,37.9,345.5,0.000000,0.000000,0.00,0.0,0.0,1.2,-0.62,-0.25,0.80,15.17,5.20,4.06,55,67,247
315,4870343,-170.7,0.0,-14.6,37.9,345.7,0.000000,0.000000,0.00,0.0,0.0,1.2,-0.62,-0.25,0.75,17.20,2.26,3.50,55,67,247
316,4870441,-170.7,0.0,-14.7,38.3,345.7,0.000000,0.000000,0.00,0.0,0.0,1.2,-0.64,-0.24,0.69,16.92,7.51,1.96,55,67,247
317,4870538,-170.7,0.0,-14.7,38.8,345.7,0.000000,0.000000,0.00,0.0,0.0,1.2,-0.64,-0.24,0.69,15.52,17.45,1.33,55,67,247
318,4870635,-170.7,0.0,-14.8,39.3,345.7,0.000000,0.000000,0.00,0.0,0.0,1.2,-0.64,-0.24,0.70,13.49,25.78,1.05,55,67,247
319,4870733,-170.7,0.0,-14.9,39.7,345.8,0.000000,0.000000,0.00,0.0,0.0,1.2,-0.62,-0.23,0.72,12.09,30.54,0.91,55,67,247
320,4870830,-170.7,0.0,-14.8,39.8,345.9,0.000000,0.000000,0.00,0.0,0.0,1.2,-0.61,-0.22,0.75,11.60,30.54,0.14,55,67,247
321,4870927,-170.7,0.0,-14.7,39.7,346.1,0.000000,0.000000,0.00,0.0,0.0,1.2,-0.61,-0.22,0.77,11.95,24.94,-0.84,55,67,247
322,4871025,-170.7,0.0,-14.6,39.5,346.3,0.000000,0.000000,0.00,0.0,0.0,1.2,-0.63,-0.22,0.77,12.86,16.47,-1.54,55,67,247
323,4871122,-170.7,0.0,-14.5,39.5,346.5,0.000000,0.000000,0.00,0.0,0.0,1.2,-0.64,-0.22,0.75,13.77,7.79,-1.68,55,67,247
324,4871219,-170.7,0.0,-14.6,39.6,346.5,0.000000,0.000000,0.00,0.0,0.0,1.2,-0.65,-0.23,0.74,14.26,-0.47,-1.75,55,67,247
325,4871317,-170.7,0.0,-14.6,39.7,346.6,0.000000,0.000000,0.00,0.0,0.0,1.2,-0.66,-0.23,0.73,13.42,-8.87,-2.03,55,67,247
326,4871414,-170.7,0.0,-14.7,39.8,346.6,0.000000,0.000000,0.00,0.0,0.0,1.2,-0.67,-0.23,0.71,11.46,-16.64,-2.10,55,67,247
327,4871511,-170.7,0.0,-14.8,39.9,346.5,0.000000,0.000000,0.00,0.0,0.0,1.2,-0.68,-0.24,0.69,8.38,-20.42,-1.05,55,67,247
328,4871609,-170.7,0.0,-15.0,40.1,346.5,0.000000,0.000000,0.00,0.0,0.0,1.2,-0.69,-0.23,0.66,5.23,-17.83,-0.56,55,67,247
329,4871706,-170.7,0.0,-15.1,40.3,346.5,0.000000,0.000000,0.00,0.0,0.0,1.2,-0.68,-0.23,0.66,3.06,-9.50,0.07,55,67,247
330,4871804,-170.7,0.0,-15.3,40.6,346.4,0.000000,0.000000,0.00,0.0,0.0,1.2,-0.66,-0.23,0.68,1.87,-1.45,-0.07,55,67,247
331,4871901,-170.7,0.0,-15.5,40.7,346.4,0.000000,0.000000,0.00,0.0,0.0,1.2,-0.64,-0.23,0.70,1.10,2.68,-0.84,55,67,247
332,4871998,-170.7,0.0,-15.5,40.6,346.5,0.000000,0.000000,0.00,0.0,0.0,1.2,-0.64,-0.22,0.74,0.75,1.35,-1.33,55,67,247
333,4872096,-170.7,0.0,-15.5,40.4,346.7,0.000000,0.000000,0.00,0.0,0.0,1.2,-0.64,-0.22,0.75,0.19,-5.02,-1.40,55,67,247
334,4872193,-170.7,0.0,-15.5,40.2,346.8,0.000000,0.000000,0.00,0.0,0.0,1.2,-0.64,-0.22,0.73,-1.14,-11.60,-0.98,55,67,247
335,4872290,-170.7,0.0,-15.7,40.2,346.9,0.000000,0.000000,0.00,0.0,0.0,1.2,-0.64,-0.23,0.70,-2.61,-13.70,-0.63,55,67,247
336,4872388,-170.7,0.0,-15.7,40.3,347.0,0.000000,0.000000,0.00,0.0,0.0,1.2,-0.65,-0.22,0.70,-3.59,-12.37,-0.14,55,67,247
337,4872485,-170.7,0.0,-15.8,40.3,347.1,0.000000,0.000000,0.00,0.0,0.0,1.2,-0.64,-0.22,0.73,-4.78,-11.25,0.28,55,67,247
338,4872582,-170.7,0.0,-15.7,40.0,347.4,0.000000,0.000000,0.00,0.0,0.0,1.2,-0.63,-0.22,0.76,-4.78,-12.44,0.77,55,67,247
339,4872680,-170.7,0.0,-15.5,39.4,347.7,0.000000,0.000000,0.00,0.0,0.0,1.2,-0.62,-0.22,0.79,-3.38,-16.64,1.26,55,67,247
340,4872777,-170.7,0.0,-15.2,38.6,348.1,0.000000,0.000000,0.00,0.0,0.0,1.2,-0.60,-0.22,0.82,-1.21,-24.69,1.33,55,67,247
341,4872874,-170.7,0.0,-14.9,37.6,348.4,0.000000,0.000000,0.00,0.0,0.0,1.2,-0.58,-0.22,0.84,1.80,-34.98,1.47,55,67,247
342,4872972,-170.7,0.0,-14.6,36.6,348.8,0.000000,0.000000,0.00,0.0,0.0,1.2,-0.57,-0.22,0.83,4.81,-45.62,0.77,55,67,247
343,4873069,-170.7,0.0,-14.5,35.7,349.1,0.000000,0.000000,0.00,0.0,0.0,1.2,-0.58,-0.22,0.81,6.07,-52.83,0.14,55,67,247
344,4873166,-170.7,0.0,-14.3,35.1,349.4,0.000000,0.000000,0.00,0.0,0.0,1.2,-0.58,-0.21,0.79,7.19,-55.91,-0.21,55,67,247
345,4873264,-170.7,0.0,-14.1,34.5,349.7,0.000000,0.000000,0.00,0.0,0.0,1.2,-0.57,-0.21,0.80,8.10,-57.24,0.07,55,67,247
346,4873361,-170.7,0.0,-13.9,33.8,350.0,0.000000,0.000000,0.00,0.0,0.0,1.2,-0.56,-0.22,0.83,8.87,-58.85,-0.28,55,67,247
347,4873458,-170.7,0.0,-13.6,33.0,350.5,0.000000,0.000000,0.00,0.0,0.0,1.2,-0.55,-0.21,0.84,11.18,-61.44,-1.19,55,67,247
348,4873556,-170.7,0.0,-13.2,32.2,350.8,0.000000,0.000000,0.00,0.0,0.0,1.2,-0.54,-0.20,0.86,14.61,-65.50,-2.03,55,67,247
349,4873653,-170.7,0.0,-12.9,31.2,351.2,0.000000,0.000000,0.00,0.0,0.0,1.2,-0.53,-0.21,0.87,18.39,-72.64,-3.01,55,67,247
350,4873750,-170.7,0.0,-12.7,30.2,351.4,0.000000,0.000000,0.00,0.0,0.0,1.2,-0.52,-0.21,0.86,20.91,-81.81,-3.22,55,67,247
351,4873848,-170.7,0.0,-12.6,29.4,351.6,0.000000,0.000000,0.00,0.0,0.0,1.2,-0.51,-0.21,0.86,20.49,-91.40,-2.66,55,67,247
352,4873945,-170.7,0.0,-12.5,28.7,351.8,0.000000,0.000000,0.00,0.0,0.0,1.2,-0.51,-0.22,0.84,18.39,-99.38,-2.10,55,67,247
353,4874043,-170.7,0.0,-12.4,28.1,352.0,0.000000,0.000000,0.00,0.0,0.0,1.2,-0.51,-0.21,0.82,15.94,-103.65,-1.47,55,67,247
354,4874140,-170.7,0.0,-12.4,27.5,352.3,0.000000,0.000000,0.00,0.0,0.0,1.2,-0.53,-0.21,0.85,11.95,-104.98,-2.31,55,67,247
355,4874237,-170.7,0.0,-12.2,27.0,352.5,0.000000,0.000000,0.00,0.0,0.0,1.2,-0.51,-0.19,0.85,5.79,-106.59,-2.87,55,67,247
356,4874335,-170.7,0.0,-12.3,26.3,352.7,0.000000,0.000000,0.00,0.0,0.0,1.2,-0.47,-0.22,0.83,1.38,-101.83,-1.26,55,67,247
357,4874432,-170.7,0.0,-12.6,25.7,352.8,0.000000,0.000000,0.00,0.0,0.0,1.2,-0.45,-0.22,0.85,1.87,-92.45,-0.70,55,67,247
358,4874529,-170.7,0.0,-12.5,25.1,353.1,0.000000,0.000000,0.00,0.0,0.0,1.2,-0.44,-0.20,0.89,6.77,-84.54,-1.05,55,67,247
359,4874627,-170.7,0.0,-12.0,24.1,353.5,0.000000,0.000000,0.00,0.0,0.0,1.2,-0.42,-0.19,0.92,10.55,-81.60,-2.45,55,67,247
360,4874724,-170.7,0.0,-11.7,23.0,353.7,0.000000,0.000000,0.00,0.0,0.0,1.2,-0.40,-0.20,0.95,13.91,-84.54,-4.97,55,67,247
361,4874821,-170.7,0.0,-11.2,21.7,354.0,0.000000,0.000000,0.00,0.0,0.0,1.2,-0.40,-0.19,0.98,17.13,-92.73,-8.61,55,67,247
362,4874919,-170.7,0.0,-10.9,20.6,354.1,0.000000,0.000000,0.00,0.0,0.0,1.2,-0.39,-0.19,0.99,21.12,-104.70,-11.62,55,67,247
363,4875016,-170.7,0.0,-10.9,19.6,354.1,0.000000,0.000000,0.00,0.0,0.0,1.2,-0.38,-0.20,1.00,24.06,-118.07,-13.30,55,67,247
364,4875113,-170.7,0.0,-10.8,18.7,354.2,0.000000,0.000000,0.00,0.0,0.0,1.2,-0.37,-0.20,0.98,26.02,-131.51,-13.93,55,67,247
365,4875211,-170.7,0.0,-10.8,17.7,354.2,0.000000,0.000000,0.00,0.0,0.0,1.2,-0.34,-0.21,0.92,25.11,-140.54,-12.74,55,67,247
366,4875308,-170.7,0.0,-10.9,16.9,354.3,0.000000,0.000000,0.00,0.0,0.0,1.2,-0.34,-0.19,0.87,19.58,-140.96,-10.15,55,67,247
367,4875405,-170.7,0.0,-10.7,16.1,354.5,0.000000,0.000000,0.00,0.0,0.0,1.2,-0.35,-0.15,0.83,14.61,-133.33,-9.10,55,67,247
368,4875503,-170.7,0.0,-10.3,15.6,354.7,0.000000,0.000000,0.00,0.0,0.0,1.2,-0.35,-0.11,0.84,12.23,-118.28,-8.61,55,67,247
369,4875600,-170.7,0.0,-9.9,15.1,354.9,0.000000,0.000000,0.00,0.0,0.0,1.2,-0.34,-0.12,0.88,13.07,-103.02,-7.00,55,67,247
370,4875697,-170.7,0.0,-9.4,14.8,355.1,0.000000,0.000000,0.00,0.0,0.0,1.2,-0.33,-0.12,0.94,15.45,-93.78,-4.69,55,67,247
371,4875795,-170.7,0.0,-8.9,14.4,355.3,0.000000,0.000000,0.00,0.0,0.0,1.2,-0.31,-0.14,1.01,18.53,-95.81,-2.52,55,67,247
372,4875892,-170.7,0.0,-8.6,14.0,355.5,0.000000,0.000000,0.00,0.0,0.0,1.2,-0.30,-0.15,1.04,20.63,-107.85,-1.68,55,67,247
373,4875990,-170.7,0.0,-8.3,13.4,355.6,0.000000,0.000000,0.00,0.0,0.0,1.2,-0.30,-0.15,1.03,23.71,-125.63,-1.33,55,67,247
374,4876087,-170.7,0.0,-8.3,12.6,355.7,0.000000,0.000000,0.00,0.0,0.0,1.2,-0.27,-0.17,1.00,25.81,-144.46,0.98,55,67,247
375,4876184,-170.7,0.0,-8.5,11.5,355.8,0.000000,0.000000,0.00,0.0,0.0,1.2,-0.24,-0.17,0.96,25.60,-160.35,3.01,55,67,247
376,4876282,-170.7,0.0,-8.8,10.0,355.9,0.000000,0.000000,0.00,0.0,0.0,1.2,-0.18,-0.17,0.93,23.85,-171.69,5.18,55,67,247
377,4876379,-170.7,0.0,-9.1,7.9,356.1,0.000000,0.000000,0.00,0.0,0.0,1.2,-0.10,-0.19,0.90,20.28,-176.52,8.40,55,67,247
378,4876476,-170.7,0.0,-9.3,5.8,356.4,0.000000,0.000000,0.00,0.0,0.0,1.2,-0.04,-0.20,0.89,15.38,-174.35,9.17,55,67,247
379,4876574,-170.7,0.0,-9.4,3.6,356.7,0.000000,0.000000,0.00,0.0,0.0,1.2,-0.00,-0.16,0.91,11.53,-167.07,6.65,55,67,247
380,4876671,-170.7,0.0,-9.3,1.3,356.9,0.000000,0.000000,0.00,0.0,0.0,1.2,0.04,-0.15,0.95,10.83,-160.00,3.92,55,67,247
381,4876768,-170.7,0.0,-9.3,-0.8,357.2,0.000000,0.000000,0.00,0.0,0.0,1.2,0.08,-0.16,0.97,11.88,-156.50,2.45,55,67,247
382,4876866,-170.7,0.0,-9.2,-3.0,357.4,0.000000,0.000000,0.00,0.0,0.0,1.2,0.10,-0.15,0.99,13.56,-158.04,0.56,55,67,247
383,4876963,-170.7,0.0,-8.8,-5.2,357.5,0.000000,0.000000,0.00,0.0,0.0,1.2,0.10,-0.14,1.01,15.17,-166.72,-1.96,55,67,247
384,4877060,-170.7,0.0,-8.3,-6.8,357.3,0.000000,0.000000,0.00,0.0,0.0,1.2,0.10,-0.14,1.01,16.64,-180.23,-3.78,55,67,247
385,4877158,-170.7,0.0,-8.1,-8.8,357.2,0.000000,0.000000,0.00,0.0,0.0,1.2,0.16,-0.13,0.95,18.67,-194.72,-3.29,55,67,247
386,4877255,-170.7,0.0,-8.3,-11.3,357.5,0.000000,0.000000,0.00,0.0,0.0,1.2,0.25,-0.17,0.89,15.73,-199.90,1.19,55,67,247
387,4877352,-170.7,0.0,-8.5,-13.7,357.8,0.000000,0.000000,0.00,0.0,0.0,1.2,0.30,-0.17,0.90,7.12,-194.16,-0.00,55,67,247
388,4877450,-170.7,0.0,-8.5,-16.1,358.0,0.000000,0.000000,0.00,0.0,0.0,1.2,0.31,-0.11,0.92,1.73,-181.07,-6.37,55,67,247
389,4877547,-170.7,0.0,-8.2,-18.3,357.9,0.000000,0.000000,0.00,0.0,0.0,1.2,0.33,-0.10,0.93,1.24,-162.66,-11.13,55,67,247
390,4877644,-170.7,0.0,-7.8,-20.1,357.8,0.000000,0.000000,0.00,0.0,0.0,1.2,0.36,-0.10,0.94,3.55,-140.68,-14.49,55,67,247
391,4877742,-170.7,0.0,-7.3,-21.3,357.4,0.000000,0.000000,0.00,0.0,0.0,1.2,0.36,-0.10,0.96,9.29,-119.12,-16.73,55,67,247
392,4877839,-170.7,0.0,-6.6,-21.9,357.0,0.000000,0.000000,0.00,0.0,0.0,1.2,0.36,-0.08,0.98,17.34,-104.42,-17.78,55,67,247
393,4877937,-170.7,0.0,-6.4,-22.4,356.7,0.000000,0.000000,0.00,0.0,0.0,1.2,0.38,-0.11,1.00,24.62,-100.43,-18.62,55,67,247
394,4878034,-170.7,0.0,-6.4,-23.0,356.6,0.000000,0.000000,0.00,0.0,0.0,1.2,0.39,-0.12,0.98,30.78,-106.94,-19.81,55,67,247
395,4878131,-170.7,0.0,-6.4,-24.0,356.4,0.000000,0.000000,0.00,0.0,0.0,1.2,0.40,-0.11,0.92,33.09,-118.00,-20.58,55,67,247
396,4878229,-170.7,0.0,-6.3,-25.6,356.3,0.000000,0.000000,0.00,0.0,0.0,1.2,0.44,-0.10,0.83,29.31,-125.14,-19.04,55,67,247
397,4878326,-170.7,0.0,-6.1,-27.3,356.3,0.000000,0.000000,0.00,0.0,0.0,1.2,0.46,-0.08,0.78,20.63,-122.13,-17.85,55,67,247
398,4878423,-170.7,0.0,-5.7,-28.8,356.0,0.000000,0.000000,0.00,0.0,0.0,1.2,0.45,-0.05,0.80,12.16,-109.88,-18.62,55,67,247
399,4878521,-170.7,0.0,-5.0,-29.6,355.4,0.000000,0.000000,0.00,0.0,0.0,1.2,0.43,-0.02,0.83,9.43,-93.29,-18.76,55,67,247
400,4878618,-170.7,0.0,-4.3,-29.9,354.9,0.000000,0.000000,0.00,0.0,0.0,1.2,0.43,-0.02,0.85,11.81,-76.91,-16.73,55,67,247
401,4878715,-170.7,0.0,-3.8,-30.0,354.4,0.000000,0.000000,0.00,0.0,0.0,1.2,0.44,-0.01,0.87,15.45,-64.03,-12.81,55,67,247
402,4878813,-170.7,0.0,-3.3,-30.0,354.0,0.000000,0.000000,0.00,0.0,0.0,1.2,0.46,-0.01,0.89,18.46,-58.36,-8.47,55,67,247
403,4878910,-170.7,0.0,-3.3,-30.3,353.8,0.000000,0.000000,0.00,0.0,0.0,1.2,0.50,-0.04,0.91,21.61,-62.14,-5.32,55,67,247
404,4879007,-170.7,0.0,-3.4,-31.1,353.7,0.000000,0.000000,0.00,0.0,0.0,1.2,0.53,-0.06,0.88,24.20,-73.41,-4.41,55,67,247
405,4879105,-170.7,0.0,-3.5,-32.2,353.7,0.000000,0.000000,0.00,0.0,0.0,1.2,0.56,-0.06,0.84,23.71,-86.78,-5.25,55,67,247
406,4879202,-170.7,0.0,-3.6,-33.5,353.7,0.000000,0.000000,0.00,0.0,0.0,1.2,0.59,-0.06,0.81,19.93,-97.84,-6.79,55,67,247
407,4879299,-170.7,0.0,-3.6,-34.9,353.7,0.000000,0.000000,0.00,0.0,0.0,1.2,0.60,-0.05,0.79,15.38,-103.30,-9.52,55,67,247
408,4879397,-170.7,0.0,-3.6,-36.2,353.5,0.000000,0.000000,0.00,0.0,0.0,1.2,0.62,-0.03,0.78,12.30,-101.20,-10.99,55,67,247
409,4879494,-170.7,0.0,-3.5,-37.4,353.3,0.000000,0.000000,0.00,0.0,0.0,1.2,0.62,-0.03,0.81,10.27,-93.71,-12.53,55,67,247
410,4879591,-170.7,0.0,-3.4,-38.2,352.9,0.000000,0.000000,0.00,0.0,0.0,1.2,0.62,-0.01,0.83,10.34,-85.03,-14.77,55,67,247
411,4879689,-170.7,0.0,-3.1,-38.7,352.5,0.000000,0.000000,0.00,0.0,0.0,1.2,0.63,-0.02,0.85,12.86,-78.87,-15.82,55,67,247
412,4879786,-170.7,0.0,-3.1,-39.1,352.2,0.000000,0.000000,0.00,0.0,0.0,1.2,0.63,-0.03,0.85,17.41,-78.59,-15.68,55,67,247
413,4879884,-170.7,0.0,-2.9,-39.6,351.8,0.000000,0.000000,0.00,0.0,0.0,1.2,0.63,-0.02,0.82,20.35,-83.42,-14.77,55,67,247
414,4879981,-170.7,0.0,-2.9,-40.4,351.7,0.000000,0.000000,0.00,0.0,0.0,1.2,0.65,-0.03,0.80,22.17,-92.73,-13.02,55,67,247
415,4880078,-170.7,0.0,-2.9,-41.5,351.6,0.000000,0.000000,0.00,0.0,0.0,1.2,0.67,-0.04,0.76,23.85,-107.99,-12.39,55,67,247
416,4880176,-170.7,0.0,-2.9,-42.9,351.6,0.000000,0.000000,0.00,0.0,0.0,1.2,0.71,-0.05,0.70,22.73,-123.74,-10.92,55,67,247
417,4880273,-170.7,0.0,-2.9,-44.6,351.6,0.000000,0.000000,0.00,0.0,0.0,1.2,0.75,-0.05,0.62,14.89,-133.68,-10.22,55,67,247
418,4880370,-170.7,0.0,-2.9,-46.3,351.6,0.000000,0.000000,0.00,0.0,0.0,1.2,0.76,-0.02,0.57,5.72,-132.84,-12.46,55,67,247
419,4880468,-170.7,0.0,-2.8,-47.9,351.4,0.000000,0.000000,0.00,0.0,0.0,1.2,0.76,0.00,0.56,-2.05,-122.76,-14.70,55,67,247
420,4880565,-170.7,0.0,-2.8,-49.3,351.1,0.000000,0.000000,0.00,0.0,0.0,1.2,0.75,0.01,0.59,-6.74,-108.34,-15.96,55,67,247
421,4880662,-170.7,0.0,-2.8,-50.4,350.8,0.000000,0.000000,0.00,0.0,0.0,1.2,0.74,-0.01,0.63,-9.12,-95.46,-16.38,55,67,247
422,4880760,-170.7,0.0,-2.7,-51.1,350.4,0.000000,0.000000,0.00,0.0,0.0,1.2,0.73,0.00,0.65,-9.26,-84.61,-15.68,55,67,247
423,4880857,-170.7,0.0,-2.5,-51.3,349.9,0.000000,0.000000,0.00,0.0,0.0,1.2,0.70,0.01,0.66,-6.46,-75.72,-12.88,55,67,247
424,4880954,-170.7,0.0,-2.2,-51.5,349.5,0.000000,0.000000,0.00,0.0,0.0,1.2,0.69,0.01,0.65,-2.82,-68.86,-9.31,55,67,247
425,4881052,-170.7,0.0,-2.0,-51.7,349.1,0.000000,0.000000,0.00,0.0,0.0,1.2,0.70,0.02,0.62,0.05,-64.52,-5.74,55,67,247
426,4881149,-170.7,0.0,-1.9,-52.2,348.9,0.000000,0.000000,0.00,0.0,0.0,1.2,0.73,0.00,0.60,1.94,-63.47,-2.94,55,67,247
427,4881246,-170.7,0.0,-2.0,-52.9,348.8,0.000000,0.000000,0.00,0.0,0.0,1.2,0.76,0.00,0.56,0.40,-62.77,-1.05,55,67,247
428,4881344,-170.7,0.0,-2.1,-53.7,348.8,0.000000,0.000000,0.00,0.0,0.0,1.2,0.80,0.00,0.52,-5.13,-56.82,-0.49,55,67,247
429,4881441,-170.7,0.0,-2.2,-54.4,348.7,0.000000,0.000000,0.00,0.0,0.0,1.2,0.82,0.01,0.54,-8.91,-41.21,-1.89,55,67,247
430,4881538,-170.7,0.0,-2.1,-54.8,348.4,0.000000,0.000000,0.00,0.0,0.0,1.2,0.80,0.04,0.55,-13.11,-26.37,-5.04,55,67,247
431,4881636,-170.7,0.0,-1.8,-54.9,348.0,0.000000,0.000000,0.00,0.0,0.0,1.2,0.78,0.03,0.58,-11.08,-8.73,-5.74,55,67,247
432,4881733,-170.7,0.0,-1.6,-54.7,347.6,0.000000,0.000000,0.00,0.0,0.0,1.2,0.77,0.03,0.59,-8.21,7.65,-4.55,55,67,247
433,4881830,-170.7,0.0,-1.5,-54.3,347.3,0.000000,0.000000,0.00,0.0,0.0,1.2,0.75,0.02,0.59,-4.64,23.12,-2.17,55,67,247
434,4881928,-170.7,0.0,-1.6,-53.6,347.1,0.000000,0.000000,0.00,0.0,0.0,1.2,0.73,0.01,0.60,-1.70,37.82,1.33,55,67,247
435,4882025,-170.7,0.0,-1.7,-53.0,347.1,0.000000,0.000000,0.00,0.0,0.0,1.2,0.72,0.01,0.58,0.33,51.54,6.79,55,67,247
436,4882123,-170.7,0.0,-1.8,-52.4,347.1,0.000000,0.000000,0.00,0.0,0.0,1.2,0.72,0.02,0.55,0.47,67.29,13.23,55,67,247
437,4882220,-170.7,0.0,-2.0,-51.6,347.2,0.000000,0.000000,0.00,0.0,0.0,1.2,0.71,0.01,0.57,-1.35,83.53,19.88,55,67,247
438,4882317,-170.7,0.0,-2.3,-50.7,347.5,0.000000,0.000000,0.00,0.0,0.0,1.2,0.71,0.01,0.59,-3.73,96.76,26.11,55,67,247
439,4882415,-170.7,0.0,-2.6,-49.7,347.7,0.000000,0.000000,0.00,0.0,0.0,1.2,0.72,-0.00,0.60,-4.99,107.33,33.04,55,67,247
440,4882512,-170.7,0.0,-3.3,-48.7,348.3,0.000000,0.000000,0.00,0.0,0.0,1.2,0.74,-0.03,0.61,-7.02,118.04,37.45,55,67,247
441,4882609,-170.7,0.0,-3.9,-47.7,348.8,0.000000,0.000000,0.00,0.0,0.0,1.2,0.76,-0.03,0.62,-10.03,128.54,39.13,55,67,247
442,4882707,-170.7,0.0,-4.5,-46.6,349.2,0.000000,0.000000,0.00,0.0,0.0,1.2,0.77,-0.03,0.62,-14.72,138.27,38.29,55,67,247
443,4882804,-170.7,0.0,-5.0,-45.5,349.6,0.000000,0.000000,0.00,0.0,0.0,1.2,0.78,-0.04,0.63,-19.90,148.07,35.00,55,67,247
444,4882901,-170.7,0.0,-5.4,-44.4,349.8,0.000000,0.000000,0.00,0.0,0.0,1.2,0.78,-0.04,0.66,-24.59,157.10,29.68,55,67,247
445,4882999,-170.7,0.0,-5.8,-43.1,349.9,0.000000,0.000000,0.00,0.0,0.0,1.2,0.76,-0.05,0.70,-27.32,163.26,23.17,55,67,247
446,4883096,-170.7,0.0,-6.0,-41.8,349.8,0.000000,0.000000,0.00,0.0,0.0,1.2,0.73,-0.04,0.73,-29.07,166.83,16.24,55,67,247
447,4883193,-170.7,0.0,-6.3,-40.4,349.7,0.000000,0.000000,0.00,0.0,0.0,1.2,0.69,-0.07,0.77,-29.91,168.16,9.52,55,67,247
448,4883291,-170.7,0.0,-6.8,-38.5,349.7,0.000000,0.000000,0.00,0.0,0.0,1.2,0.63,-0.11,0.84,-28.93,166.69,3.43,55,67,247
449,4883388,-170.7,0.0,-6.9,-36.4,349.4,0.000000,0.000000,0.00,0.0,0.0,1.2,0.54,-0.01,0.91,-22.49,160.53,-2.38,55,67,247
450,4883485,-170.7,0.0,-6.9,-34.4,349.1,0.000000,0.000000,0.00,0.0,0.0,1.2,0.51,-0.10,0.95,-25.57,144.43,4.48,55,67,247
451,4883583,-170.7,0.0,-7.2,-32.5,349.0,0.000000,0.000000,0.00,0.0,0.0,1.2,0.47,-0.12,0.96,-24.66,127.56,7.07,55,67,247
452,4883680,-170.7,0.0,-7.3,-30.6,348.9,0.000000,0.000000,0.00,0.0,0.0,1.2,0.44,-0.07,0.92,-23.75,113.98,13.30,55,67,247
453,4883777,-170.7,0.0,-7.3,-29.0,348.7,0.000000,0.000000,0.00,0.0,0.0,1.2,0.44,-0.07,0.88,-21.58,107.05,19.81,55,67,247
454,4883875,-170.7,0.0,-7.1,-27.5,348.6,0.000000,0.000000,0.00,0.0,0.0,1.2,0.44,-0.09,0.86,-20.18,104.53,23.59,55,67,247
455,4883972,-170.7,0.0,-7.0,-26.5,348.6,0.000000,0.000000,0.00,0.0,0.0,1.2,0.45,-0.09,0.84,-19.97,104.74,25.27,55,67,247
456,4884070,-170.7,0.0,-7.1,-25.9,348.6,0.000000,0.000000,0.00,0.0,0.0,1.2,0.45,-0.08,0.82,-21.02,107.68,24.99,55,67,247
457,4884167,-170.7,0.0,-7.4,-25.3,348.7,0.000000,0.000000,0.00,0.0,0.0,1.2,0.45,-0.11,0.82,-22.56,112.23,22.40,55,67,247
458,4884264,-170.7,0.0,-7.8,-24.6,348.9,0.000000,0.000000,0.00,0.0,0.0,1.2,0.43,-0.13,0.85,-24.10,115.94,19.11,55,67,247
459,4884362,-170.7,0.0,-7.8,-23.4,348.9,0.000000,0.000000,0.00,0.0,0.0,1.2,0.40,-0.12,0.92,-25.29,116.64,17.57,55,67,247
460,4884459,-170.7,0.0,-7.7,-21.8,348.9,0.000000,0.000000,0.00,0.0,0.0,1.2,0.36,-0.13,0.99,-24.45,109.71,18.76,55,67,247
461,4884556,-170.7,0.0,-7.7,-20.1,348.9,0.000000,0.000000,0.00,0.0,0.0,1.2,0.34,-0.14,1.02,-21.65,97.25,20.86,55,67,247
462,4884654,-170.7,0.0,-7.6,-18.7,349.0,0.000000,0.000000,0.00,0.0,0.0,1.2,0.32,-0.13,0.98,-19.20,86.89,22.68,55,67,247
463,4884751,-170.7,0.0,-7.5,-17.8,349.1,0.000000,0.000000,0.00,0.0,0.0,1.2,0.32,-0.12,0.93,-17.73,84.65,24.64,55,67,247
464,4884848,-170.7,0.0,-7.6,-17.3,349.3,0.000000,0.000000,0.00,0.0,0.0,1.2,0.30,-0.12,0.88,-17.59,91.02,24.57,55,67,247
465,4884946,-170.7,0.0,-7.8,-16.8,349.4,0.000000,0.000000,0.00,0.0,0.0,1.2,0.29,-0.12,0.84,-18.50,104.67,22.26,55,67,247
466,4885043,-170.7,0.0,-8.1,-16.2,349.5,0.000000,0.000000,0.00,0.0,0.0,1.2,0.28,-0.13,0.83,-19.06,122.17,18.41,55,67,247
467,4885140,-170.7,0.0,-8.6,-15.3,349.6,0.000000,0.000000,0.00,0.0,0.0,1.2,0.27,-0.16,0.85,-19.69,139.04,13.51,55,67,247
468,4885238,-170.7,0.0,-9.2,-14.0,349.7,0.000000,0.000000,0.00,0.0,0.0,1.2,0.25,-0.18,0.91,-19.97,150.59,8.47,55,67,247
469,4885335,-170.7,0.0,-9.4,-12.1,349.7,0.000000,0.000000,0.00,0.0,0.0,1.2,0.21,-0.18,0.97,-19.97,153.39,6.02,55,67,247
470,4885432,-170.7,0.0,-9.1,-10.1,349.7,0.000000,0.000000,0.00,0.0,0.0,1.2,0.18,-0.18,1.02,-19.34,148.56,7.00,55,67,247
471,4885530,-170.7,0.0,-9.0,-8.3,349.9,0.000000,0.000000,0.00,0.0,0.0,1.2,0.17,-0.19,1.04,-18.85,138.69,9.24,55,67,247
472,4885627,-170.7,0.0,-9.2,-7.3,350.2,0.000000,0.000000,0.00,0.0,0.0,1.2,0.16,-0.19,1.04,-18.85,127.56,10.36,55,67,247
473,4885724,-170.7,0.0,-9.5,-6.5,350.5,0.000000,0.000000,0.00,0.0,0.0,1.2,0.14,-0.20,1.03,-18.50,117.20,10.08,55,67,247
474,4885822,-170.7,0.0,-9.6,-5.7,350.9,0.000000,0.000000,0.00,0.0,0.0,1.2,0.12,-0.20,1.02,-18.22,109.29,9.66,55,67,247
475,4885919,-170.7,0.0,-9.7,-5.0,351.3,0.000000,0.000000,0.00,0.0,0.0,1.2,0.11,-0.20,1.01,-17.03,104.04,8.40,55,67,247
476,4886017,-170.7,0.0,-9.9,-4.2,351.7,0.000000,0.000000,0.00,0.0,0.0,1.2,0.09,-0.20,1.00,-15.28,101.52,5.88,55,67,247
477,4886114,-170.7,0.0,-9.8,-3.7,352.0,0.000000,0.000000,0.00,0.0,0.0,1.2,0.08,-0.19,0.99,-12.55,99.91,3.29,55,67,247
478,4886211,-170.7,0.0,-9.8,-3.3,352.2,0.000000,0.000000,0.00,0.0,0.0,1.2,0.08,-0.20,1.01,-9.40,95.43,1.40,55,67,247
479,4886309,-170.7,0.0,-9.8,-2.9,352.4,0.000000,0.000000,0.00,0.0,0.0,1.2,0.08,-0.21,1.04,-7.23,85.70,-0.00,55,67,247
480,4886406,-170.7,0.0,-9.5,-2.5,352.7,0.000000,0.000000,0.00,0.0,0.0,1.2,0.07,-0.20,1.07,-5.69,70.72,-0.84,55,67,247
481,4886503,-170.7,0.0,-9.4,-2.0,353.3,0.000000,0.000000,0.00,0.0,0.0,1.2,0.05,-0.21,1.08,-4.64,52.17,-0.70,55,67,247
482,4886601,-170.7,0.0,-9.5,-1.3,353.7,0.000000,0.000000,0.00,0.0,0.0,1.2,0.02,-0.20,1.06,-4.15,33.69,0.07,55,67,247
483,4886698,-170.7,0.0,-9.6,-0.6,354.1,0.000000,0.000000,0.00,0.0,0.0,1.2,0.01,-0.20,1.01,-3.31,19.62,0.91,55,67,247
484,4886795,-170.7,0.0,-10.0,-0.1,354.5,0.000000,0.000000,0.00,0.0,0.0,1.2,-0.00,-0.20,0.97,-3.10,11.43,1.68,55,67,247
485,4886893,-170.7,0.0,-10.3,0.2,355.1,0.000000,0.000000,0.00,0.0,0.0,1.2,-0.00,-0.20,0.95,-3.94,7.02,1.89,55,67,247
486,4886990,-170.7,0.0,-10.5,0.2,355.7,0.000000,0.000000,0.00,0.0,0.0,1.2,0.00,-0.20,0.95,-6.04,4.50,0.91,55,67,247
487,4887087,-170.7,0.0,-10.8,-0.1,356.2,0.000000,0.000000,0.00,0.0,0.0,1.2,0.01,-0.21,0.96,-8.28,4.08,-0.00,55,67,247
488,4887185,-170.7,0.0,-10.9,-0.2,356.8,0.000000,0.000000,0.00,0.0,0.0,1.2,0.01,-0.21,0.98,-9.75,4.85,-1.54,55,67,247
489,4887282,-170.7,0.0,-10.7,0.1,357.3,0.000000,0.000000,0.00,0.0,0.0,1.2,-0.00,-0.20,1.01,-9.47,5.27,-3.08,55,67,247
490,4887379,-170.7,0.0,-10.4,0.3,357.8,0.000000,0.000000,0.00,0.0,0.0,1.2,-0.01,-0.21,1.04,-6.95,3.52,-3.50,55,67,247
491,4887477,-170.7,0.0,-10.2,0.4,358.4,0.000000,0.000000,0.00,0.0,0.0,1.2,-0.01,-0.21,1.05,-3.31,0.02,-2.87,55,67,247
492,4887574,-170.7,0.0,-10.1,0.3,359.0,0.000000,0.000000,0.00,0.0,0.0,1.2,-0.00,-0.20,1.05,0.05,-4.46,-1.96,55,67,247
493,4887671,-170.7,0.0,-10.2,-0.2,359.4,0.000000,0.000000,0.00,0.0,0.0,1.2,0.01,-0.20,1.03,2.99,-8.80,-0.98,55,67,247
494,4887769,-170.7,0.0,-10.3,-0.9,359.7,0.000000,0.000000,0.00,0.0,0.0,1.2,0.03,-0.20,1.01,4.46,-12.16,-0.98,55,67,247
495,4887866,-170.7,0.0,-10.5,-1.6,359.9,0.000000,0.000000,0.00,0.0,0.0,1.2,0.05,-0.20,0.99,4.88,-14.89,-1.89,55,67,247
496,4887963,-170.7,0.0,-10.7,-2.3,0.1,0.000000,0.000000,0.00,0.0,0.0,1.2,0.05,-0.21,0.99,4.74,-17.48,-3.71,55,67,247
497,4888061,-170.7,0.0,-10.9,-2.8,0.6,0.000000,0.000000,0.00,0.0,0.0,1.2,0.05,-0.20,0.99,4.04,-20.35,-6.02,55,67,247
498,4888158,-170.7,0.0,-10.9,-2.6,0.9,0.000000,0.000000,0.00,0.0,0.0,1.2,0.04,-0.20,1.00,3.83,-22.31,-8.19,55,67,247
499,4888256,-170.7,0.0,-10.8,-2.2,1.1,0.000000,0.000000,0.00,0.0,0.0,1.2,0.02,-0.20,1.01,4.74,-23.85,-9.66,55,67,247
500,4888353,-170.7,0.0,-10.7,-1.8,1.1,0.000000,0.000000,0.00,0.0,0.0,1.2,0.00,-0.19,0.98,5.93,-23.57,-9.80,55,67,247
501,4888450,-170.7,0.0,-10.6,-1.4,1.2,0.000000,0.000000,0.00,0.0,0.0,1.2,-0.01,-0.18,0.96,6.07,-19.65,-8.40,55,67,247
502,4888548,-170.7,0.0,-10.4,-0.9,1.2,0.000000,0.000000,0.00,0.0,0.0,1.2,-0.01,-0.17,0.94,5.51,-13.07,-6.72,55,67,247
503,4888645,-170.7,0.0,-10.4,-0.3,1.3,0.000000,0.000000,0.00,0.0,0.0,1.2,-0.00,-0.17,0.93,4.11,-5.86,-4.76,55,67,247
504,4888742,-170.7,0.0,-10.6,-0.4,1.5,0.000000,0.000000,0.00,0.0,0.0,1.2,0.01,-0.18,0.94,2.71,-0.12,-3.01,55,67,247
505,4888840,-170.7,0.0,-10.7,-0.9,1.7,0.000000,0.000000,0.00,0.0,0.0,1.2,0.02,-0.19,0.96,1.45,2.26,-1.54,55,67,247
506,4888937,-170.7,0.0,-10.7,-1.4,2.0,0.000000,0.000000,0.00,0.0,0.0,1.2,0.02,-0.19,0.98,0.68,0.65,-0.56,55,67,247
507,4889034,-170.7,0.0,-10.8,-1.9,2.2,0.000000,0.000000,0.00,0.0,0.0,1.2,0.03,-0.19,0.99,0.33,-4.18,-0.07,55,67,247
508,4889132,-170.7,0.0,-11.0,-2.5,2.4,0.000000,0.000000,0.00,0.0,0.0,1.2,0.05,-0.20,0.99,0.68,-10.69,-0.42,55,67,247
509,4889229,-170.7,0.0,-11.3,-3.2,2.6,0.000000,0.000000,0.00,0.0,0.0,1.2,0.06,-0.20,0.98,0.40,-16.36,-0.91,55,67,247
510,4889326,-170.7,0.0,-11.5,-3.3,2.9,0.000000,0.000000,0.00,0.0,0.0,1.2,0.06,-0.20,0.97,-0.16,-19.09,-2.17,55,67,247
511,4889424,-170.7,0.0,-11.3,-2.9,3.0,0.000000,0.000000,0.00,0.0,0.0,1.2,0.04,-0.19,0.98,0.26,-19.09,-3.43,55,67,247
512,4889521,-170.7,0.0,-11.0,-2.4,3.0,0.000000,0.000000,0.00,0.0,0.0,1.2,0.02,-0.19,0.98,1.17,-16.92,-3.57,55,67,247
513,4889618,-170.7,0.0,-10.9,-1.9,3.0,0.000000,0.000000,0.00,0.0,0.0,1.2,0.01,-0.18,0.98,1.59,-13.07,-2.94,55,67,247
514,4889716,-170.7,0.0,-10.6,-1.4,3.0,0.000000,0.000000,0.00,0.0,0.0,1.2,0.00,-0.18,0.97,2.43,-8.24,-1.68,55,67,247
515,4889813,-170.7,0.0,-10.3,-0.8,2.9,0.000000,0.000000,0.00,0.0,0.0,1.2,0.01,-0.17,0.97,3.13,-3.27,-0.14,55,67,247
516,4889910,-170.7,0.0,-10.5,-1.3,2.8,0.000000,0.000000,0.00,0.0,0.0,1.2,0.03,-0.18,0.97,3.83,0.44,0.91,55,67,247
517,4890008,-170.7,0.0,-10.6,-1.9,2.8,0.000000,0.000000,0.00,0.0,0.0,1.2,0.04,-0.18,0.97,3.62,1.56,1.33,55,67,247
518,4890105,-170.7,0.0,-10.8,-2.5,2.8,0.000000,0.000000,0.00,0.0,0.0,1.2,0.06,-0.19,0.97,2.50,0.51,1.61,55,67,247
519,4890203,-170.7,0.0,-10.9,-3.2,2.9,0.000000,0.000000,0.00,0.0,0.0,1.2,0.06,-0.19,0.97,0.89,-1.80,0.91,55,67,247
520,4890300,-170.7,0.0,-10.8,-3.5,3.0,0.000000,0.000000,0.00,0.0,0.0,1.2,0.06,-0.19,0.98,-0.23,-4.95,0.14,55,67,247
521,4890397,-170.7,0.0,-11.0,-3.5,3.2,0.000000,0.000000,0.00,0.0,0.0,1.2,0.06,-0.19,0.99,-1.14,-8.10,-0.49,55,67,247
522,4890495,-170.7,0.0,-10.9,-3.3,3.4,0.000000,0.000000,0.00,0.0,0.0,1.2,0.06,-0.20,1.00,-1.56,-10.62,-0.91,55,67,247
523,4890592,-170.7,0.0,-10.7,-3.1,3.4,0.000000,0.000000,0.00,0.0,0.0,1.2,0.05,-0.19,1.01,-2.26,-11.53,-0.98,55,67,247
524,4890689,-170.7,0.0,-10.7,-2.8,3.4,0.000000,0.000000,0.00,0.0,0.0,1.2,0.05,-0.19,1.00,-1.84,-10.13,-1.05,55,67,247
525,4890787,-170.7,0.0,-10.8,-3.0,3.2,0.000000,0.000000,0.00,0.0,0.0,1.2,0.05,-0.19,1.00,-0.65,-6.84,-1.26,55,67,247
526,4890884,-170.7,0.0,-10.8,-3.1,3.0,0.000000,0.000000,0.00,0.0,0.0,1.2,0.06,-0.19,1.00,0.26,-3.62,-1.61,55,67,247
527,4890981,-170.7,0.0,-10.7,-3.3,2.7,0.000000,0.000000,0.00,0.0,0.0,1.2,0.06,-0.19,1.00,0.47,-0.82,-1.68,55,67,247
528,4891079,-170.7,0.0,-10.8,-3.6,2.6,0.000000,0.000000,0.00,0.0,0.0,1.2,0.06,-0.19,1.00,0.61,1.35,-1.47,55,67,247
529,4891176,-170.7,0.0,-10.7,-3.8,2.6,0.000000,0.000000,0.00,0.0,0.0,1.2,0.07,-0.19,1.00,0.82,2.33,-1.75,55,67,247
530,4891273,-170.7,0.0,-10.5,-4.1,2.4,0.000000,0.000000,0.00,0.0,0.0,1.2,0.07,-0.19,1.01,1.10,1.49,-1.96,55,67,247
531,4891371,-170.7,0.0,-10.2,-4.0,2.2,0.000000,0.000000,0.00,0.0,0.0,1.2,0.07,-0.18,1.01,0.96,-0.82,-2.24,55,67,247
532,4891468,-170.7,0.0,-10.1,-3.9,2.0,0.000000,0.000000,0.00,0.0,0.0,1.2,0.07,-0.17,1.00,0.89,-2.99,-2.38,55,67,247
533,4891565,-170.7,0.0,-9.9,-3.8,1.8,0.000000,0.000000,0.00,0.0,0.0,1.2,0.07,-0.17,0.99,0.68,-4.46,-2.31,55,67,247
534,4891663,-170.7,0.0,-10.1,-3.7,1.6,0.000000,0.000000,0.00,0.0,0.0,1.2,0.07,-0.18,0.99,0.26,-4.74,-2.31,55,67,247
535,4891760,-170.7,0.0,-10.3,-3.4,1.6,0.000000,0.000000,0.00,0.0,0.0,1.2,0.06,-0.18,0.99,-0.09,-4.04,-2.38,55,67,247
536,4891857,-170.7,0.0,-10.1,-3.0,1.7,0.000000,0.000000,0.00,0.0,0.0,1.2,0.05,-0.18,1.00,-0.02,-3.27,-2.03,55,67,247
537,4891955,-170.7,0.0,-10.3,-3.3,1.8,0.000000,0.000000,0.00,0.0,0.0,1.2,0.06,-0.18,1.00,0.33,-2.36,-1.26,55,67,247
538,4892052,-170.7,0.0,-10.3,-3.3,2.0,0.000000,0.000000,0.00,0.0,0.0,1.2,0.06,-0.19,1.00,0.82,-0.82,-0.84,55,67,247
539,4892150,-170.7,0.0,-10.1,-3.4,2.0,0.000000,0.000000,0.00,0.0,0.0,1.2,0.06,-0.18,1.00,1.87,0.79,-0.91,55,67,247
540,4892247,-170.7,0.0,-10.3,-3.6,1.9,0.000000,0.000000,0.00,0.0,0.0,1.2,0.06,-0.18,0.99,3.27,2.26,-1.12,55,67,247
541,4892344,-170.7,0.0,-10.2,-3.8,2.3,0.000000,0.000000,0.00,0.0,0.0,1.2,0.07,-0.18,0.99,4.25,3.17,-1.75,55,67,247
542,4892442,-170.7,0.0,-10.4,-3.8,2.7,0.000000,0.000000,0.00,0.0,0.0,1.2,0.07,-0.19,0.98,4.53,2.75,-2.31,55,67,247
543,4892539,-170.7,0.0,-10.6,-3.8,3.0,0.000000,0.000000,0.00,0.0,0.0,1.2,0.07,-0.19,0.97,4.25,1.35,-2.59,55,67,247
544,4892636,-170.7,0.0,-10.9,-3.9,3.3,0.000000,0.000000,0.00,0.0,0.0,1.2,0.07,-0.19,0.96,3.27,-0.33,-2.38,55,67,247
545,4892734,-170.7,0.0,-11.1,-3.9,3.7,0.000000,0.000000,0.00,0.0,0.0,1.2,0.07,-0.19,0.96,1.52,-1.87,-2.24,55,67,247
546,4892831,-170.7,0.0,-11.4,-4.0,3.7,0.000000,0.000000,0.00,0.0,0.0,1.2,0.07,-0.19,0.95,-0.37,-2.15,-1.61,55,67,247
547,4892928,-170.7,0.0,-11.2,-3.9,3.7,0.000000,0.000000,0.00,0.0,0.0,1.2,0.07,-0.19,0.96,-1.91,-1.45,-0.91,55,67,247
548,4893026,-170.7,0.0,-10.7,-4.1,3.6,0.000000,0.000000,0.00,0.0,0.0,1.2,0.07,-0.18,0.97,-2.54,-0.47,-0.14,55,67,247
549,4893123,-170.7,0.0,-10.8,-4.3,3.4,0.000000,0.000000,0.00,0.0,0.0,1.2,0.07,-0.18,0.98,-4.08,0.30,0.42,55,67,247
550,4893220,-170.7,0.0,-10.6,-4.2,3.3,0.000000,0.000000,0.00,0.0,0.0,1.2,0.07,-0.18,0.98,-4.99,1.70,0.56,55,67,247
551,4893318,-170.7,0.0,-10.4,-4.3,3.0,0.000000,0.000000,0.00,0.0,0.0,1.2,0.08,-0.18,0.99,-3.17,3.52,0.56,55,67,247
552,4893415,-170.7,0.0,-10.4,-4.5,2.9,0.000000,0.000000,0.00,0.0,0.0,1.2,0.08,-0.18,1.00,-1.28,4.01,-0.07,55,67,247
553,4893512,-170.7,0.0,-10.6,-4.7,2.8,0.000000,0.000000,0.00,0.0,0.0,1.2,0.08,-0.19,1.01,0.05,2.82,-1.05,55,67,247
554,4893610,-170.7,0.0,-10.6,-4.6,2.7,0.000000,0.000000,0.00,0.0,0.0,1.2,0.08,-0.19,1.00,0.68,0.44,-1.82,55,67,247
555,4893707,-170.7,0.0,-10.8,-4.4,2.7,0.000000,0.000000,0.00,0.0,0.0,1.2,0.08,-0.19,0.99,1.24,-2.08,-2.52,55,67,247
556,4893804,-170.7,0.0,-10.9,-4.0,2.8,0.000000,0.000000,0.00,0.0,0.0,1.2,0.07,-0.19,0.98,1.10,-3.62,-3.08,55,67,247
557,4893902,-170.7,0.0,-10.8,-3.5,2.7,0.000000,0.000000,0.00,0.0,0.0,1.2,0.06,-0.19,0.98,0.75,-3.83,-3.15,55,67,247
558,4893999,-170.7,0.0,-10.9,-3.5,2.7,0.000000,0.000000,0.00,0.0,0.0,1.2,0.06,-0.19,0.97,0.12,-3.20,-2.59,55,67,247
559,4894096,-170.7,0.0,-11.0,-3.7,2.8,0.000000,0.000000,0.00,0.0,0.0,1.2,0.06,-0.19,0.97,-0.86,-1.31,-1.61,55,67,247
560,4894194,-170.7,0.0,-10.7,-3.7,2.7,0.000000,0.000000,0.00,0.0,0.0,1.2,0.06,-0.18,0.97,-1.98,1.35,-1.05,55,67,247
561,4894291,-170.7,0.0,-10.5,-4.0,2.8,0.000000,0.000000,0.00,0.0,0.0,1.2,0.07,-0.18,0.97,-3.52,3.94,-1.12,55,67,247
562,4894389,-170.7,0.0,-10.7,-4.3,3.0,0.000000,0.000000,0.00,0.0,0.0,1.2,0.08,-0.19,0.98,-3.52,6.11,-1.26,55,67,247
